date,tweet
2017-08-14 19:58:37,Netflix: Barronâ€™s Presses the Skeptical Case on CNBC - Barron's - Tech Trader Daily - $NFLX $AMZN $DIS $FB $GOOGL  http://www.barrons.com/articles/netflix-barrons-presses-the-skeptical-case-on-cnbc-1502754823?mod=hp_RTA&Â â€¦
2017-08-14 19:58:36,"Google just hired a former Apple star engineer after his short stint at Tesla (GOOGL,Â TSLA)  http://doyeltimes.com/technology-news/google-just-hired-a-former-apple-star-engineer-after-his-short-stint-at-tesla-googl-tsla/Â â€¦"
2017-08-14 19:57:05,"Google just hired a former Apple star engineer after his short stint at Tesla (GOOGL,Â TSLA)  http://www.gistpartner.com/index.php/2017/08/14/google-just-hired-a-former-apple-star-engineer-after-his-short-stint-at-tesla-googl-tsla/Â â€¦ pic.twitter.com/B9tjHigtXR"
2017-08-14 19:56:24,Is #YouTube Working with ADL to Shut Down Free Speech ? $GOOGL  https://hedgeaccordingly.com/2017/08/is-youtube-working-with-adl-to-shut-down-free-speech-googl.html?utm_source=ReviveOldPost&utm_medium=social&utm_campaign=ReviveOldPostÂ â€¦ #politics
2017-08-14 19:55:14,"Google just hired a former Apple star engineer after his short stint at Tesla (GOOGL, TSLA)  https://goo.gl/fb/8vNHb8Â "
2017-08-14 19:49:57,Ø±Ø¨ÙŠ Ø£Ø¹ÙˆØ° Ø¨Ùƒ Ù…Ù† Ø§Ù„ÙƒØ³Ù„ ÙˆØ³ÙˆØ¡ Ø§Ù„ÙƒØ¨Ø±  â™»ï¸  http://du3a.org/Â 
2017-08-14 19:49:30,"Google just hired a former Apple star engineer after his short stint at Tesla (GOOGL, TSLAâ€¦  https://goo.gl/fb/5uRR7iÂ "
2017-08-14 19:49:19,"Google just hired a former Apple star engineer after his short stint at Tesla (GOOGL, TSLA)  https://goo.gl/fb/DCDy8aÂ "
2017-08-14 19:46:05,"Google just hired a former Apple star engineer after his short stint at Tesla (GOOGL, TSLA) (Julie Bort/Businessâ€¦  http://dlvr.it/Pf5c6dÂ "
2017-08-14 19:42:59,"Google just hired a former Apple star engineer after his short stint at Tesla (GOOGL, TSLA)  https://goo.gl/fb/TR7GGbÂ "
2017-08-14 19:42:49,My #AugmentedReality #investment thesis:  https://seekingalpha.com/article/4088690-surprise-google-glass-announcement-tipping-point-enterprise-augmented-realityÂ â€¦ $GOOGL $KOPN $VUZI $HIMX $MSFT #GoogleGlass #AR
2017-08-14 19:41:39,Former Apple Veteran Joins Google After Brief Stint at Tesla $AAPL $GOOGL $TSLA #wlst  http://fortune.com/2017/08/14/apple-veteran-google-teslaÂ â€¦ pic.twitter.com/dezG5a3l1H
2017-08-14 19:41:37,Former $AAPL Veteran Joins $GOOGL After Brief Stint at $TSLA  http://fortune.com/2017/08/14/apple-veteran-google-tesla/Â â€¦ via @FortuneMag
2017-08-14 19:40:23,"Tech: Google just hired a former Apple star engineer after his short stint at Tesla (GOOGL, TSLA): Chrisâ€¦  https://goo.gl/fb/a77Ww9Â "
2017-08-14 19:36:08,"Google just hired a former Apple star engineer after his short stint at Tesla (GOOGL, TSLA) (Julie Bort/Businessâ€¦  http://dlvr.it/Pf5XmGÂ "
2017-08-14 19:34:31,"Tech: Google just hired a former Apple star engineer after his short stint at Tesla (GOOGL, TSLA): Chrisâ€¦  https://goo.gl/fb/a77Ww9Â  #news"
2017-08-14 19:34:03,"Women who work for Google are highly satisfied with the company â€” with one glaring exception (GOOG, GOOGL)  http://dld.bz/fZQmHÂ "
2017-08-14 19:33:01,ãƒ–ãƒ­ã‚°ã£ã¦å°ã•ã„é›‘è²¨å±‹ã‚„ã£ã¦ã‚‹ã¿ãŸã„ã ã‚ˆã­ã€œï¼é™³åˆ—ã™ã‚‹å•†å“ã‚’é¸ã¶ã¿ãŸã„ã«æ›¸ãè¨˜äº‹ã‚’é¸ã¶ã€googl eanalyticsã®ãƒªã‚¢ãƒ«ã‚¿ã‚¤ãƒ ã§åº—å†…ã®ãŠå®¢ã•ã‚“ã®æ§˜å­ã‚’è¦‹ã‚‹ã¿ãŸã„ãªã€‚
2017-08-14 19:31:42,$SPY #NORTHKOREA #KimJongUn @POTUS checked his FatAss! Markets will hit new highs $SPX $QQQ $IWM $VIX $AAPL $FB $GS $BAC $JPM $AMZN $GOOGL  https://twitter.com/Reuters/status/897231383583698944Â â€¦
2017-08-14 19:30:52,Who's Right -- Google Or James Damore?  https://buff.ly/2wJEkghÂ  $GOOG $GOOGL
2017-08-14 19:30:16,ACTIVE TRADERS Try one of these FREE trading guides:   http://ow.ly/3aaK30eniqfÂ  $NFLX $TSLA $AAPL $TWTR $GS $FB $AMZN $GOOGL $NVDA
2017-08-14 19:17:38,"$DAL finding support in the 200ma,above it is a buy below it sell. $SPY $QQQ $FB $JBLU $AAPL $WMT $AMZN $GOOGL $CVX $BABA $BAC $GS $JPM $AAL"
2017-08-14 19:15:04,"REAL TIME TRADE ALERTS via PRIVATE $TWTR FEED, perfect for people who have FT jobs and trade part-time! $AMZN $NFLX $GOOGL $WIX $GS $FB"
2017-08-14 19:09:37,Alphabet Inc. $GOOGL Position Maintained by Malaga Cove Capital LLC  http://ift.tt/2fGYIvrÂ 
2017-08-14 19:06:42,"Google just hired a former Apple star engineer after his short stint at Tesla (GOOGL, TSLA): Chris Lattn.. #tech  http://dld.bz/fZQBzÂ "
2017-08-14 19:04:34,"Google just hired a former Apple star engineer after his short stint at Tesla (GOOGL,Â TSLA)  http://aussiedaily.com.au/aussiedaily-tech-news/google-just-hired-a-former-apple-star-engineer-after-his-short-stint-at-tesla-googl-tsla/Â â€¦ pic.twitter.com/X8MiBMx6AO"
2017-08-14 19:03:35,"Google just hired a former Apple star engineer after his short stint at Tesla (GOOGL, TSLA)  http://read.bi/2wYyTdNÂ  pic.twitter.com/ReIfzcgFS5"
2017-08-14 19:01:18,Don't miss our next FREE OPTION TRADE.  Sign up for our Daily Free Trades at  http://ow.ly/c78M30eniqeÂ  $NVDA $TSLA $GS $C $WFC $GOOGL $FB
2017-08-14 19:00:33,"Google just hired a former Apple star engineer after his short stint at Tesla (GOOGL, TSLA)  http://ow.ly/O7nJ50drntjÂ "
2017-08-14 18:59:42,"Google just hired a former Apple star engineer after his short stint at Tesla (GOOGL, TSLAâ€¦  https://goo.gl/fb/rWkWBCÂ "
2017-08-14 18:56:48,"""Google just hired a former Apple star engineer after his short stint at Tesla (GOOGL, TSLA)""  http://ift.tt/2wKlMgYÂ "
2017-08-14 18:52:54,"Google just hired a former Apple star engineer after his short stint at Tesla (GOOGL, TSLA)  http://ift.tt/2vDiEDeÂ "
2017-08-14 18:52:26,"Google just hired a former Apple star engineer after his short stint at Tesla (GOOGL, TSLAâ€¦  https://goo.gl/fb/RKWJJ8Â "
2017-08-14 18:51:40,Ø³Ø¨Ø­Ø§Ù† Ø§Ù„Ù„Ù‡ ÙˆØ¨Ø­Ù…Ø¯Ù‡ Ø³Ø¨Ø­Ø§Ù† Ø§Ù„Ù„Ù‡ Ø§Ù„Ø¹Ø¸ÙŠÙ… â™»ï¸  http://du3a.org/Â 
2017-08-14 18:50:28,As forecast by @bretkinsella - Amazon: AI To Drive Competitive Advantage  https://seekingalpha.com/article/4098836-amazon-ai-drive-competitive-advantage?source=tweetÂ â€¦ $GOOG $MSFT $NVDA $GOOGL $AMZN
2017-08-14 18:49:20,"Google just hired a former Apple star engineer after his short stint at Tesla (GOOGL, TSLA)  http://ift.tt/2wKlMgYÂ  pic.twitter.com/BPtO6GZV0y"
2017-08-14 18:49:17,"Google just hired a former Apple star engineer after his short stint at Tesla (GOOGL, TSLA)  http://ift.tt/2i0329RÂ "
2017-08-14 18:48:01,"Big Bounce - Market Update by Vince Vora for August 14th, 2017 $GOOGL $AMZN $AAPL $NFLX $PCLN $SNAP $GLD  http://youtu.be/KH5V0hRGxjQ?aÂ "
2017-08-14 18:45:43,"Google just hired a former Apple star engineer after his short stint at Tesla (GOOGL, TSLA)  http://ow.ly/iPp050drmY3Â "
2017-08-14 18:45:31,"Google just hired a former Apple star engineer after his short stint at Tesla (GOOGL, TSLA)  http://ow.ly/690d50drmWwÂ "
2017-08-14 18:45:04,NOW OFFERING 7 Day FREE Trial to  options day trading team Room or $TWTR feed   http://ow.ly/60x430eniS0Â  $RH $AAPL $NFLX $TSLA $AMZN $GOOGL
2017-08-14 18:44:10,Learn to Read SEC Filings DVD:  http://smq.tc/1GdpNHvÂ  This DVD is pure gold!  $SLV $TWTR $Spy $GOOGL $IBB $TSLA $PCLN $CELG $LNKD
2017-08-14 18:42:34,"Google just hired a former Apple star engineer after his short stint at Tesla (GOOGL, TSLA)  http://ift.tt/2vyvzbgÂ "
2017-08-14 18:41:29,"Google just hired a former Apple star engineer after his short stint at Tesla (GOOGL, TSLA)  http://ift.tt/2wKlMgYÂ  #interesting"
2017-08-14 18:40:41,"10 Things To Know. Google just hired a former Apple star engineer after his short stint at Tesla (GOOGL, TSLA)  http://ift.tt/2wKlMgYÂ "
2017-08-14 18:40:34,"Google just hired a former Apple star engineer after his short stint at Tesla (GOOGL, TSLA)  http://read.bi/2uDTY06Â "
2017-08-14 18:37:11,"Google just hired a former Apple star engineer after his short stint at Tesla (GOOGL, TSLA)  http://ift.tt/2wKlMgYÂ "
2017-08-14 18:37:08,"Google just hired a former Apple star engineer after his short stint at Tesla (GOOGL, TSLA)  http://ift.tt/2vDiEDeÂ  #pymes #business #negoâ€¦"
2017-08-14 18:36:37,"""Google just hired a former Apple star engineer after his short stint at Tesla (GOOGL, TSLA)"" by Julie Bort via Feedburner â€¦"
2017-08-14 18:36:28,"#Tesla Google just hired a former Apple star engineer after his short stint at Tesla (GOOGL, TSLA)  pic.twitter.com/9mm0Bc2vTy"
2017-08-14 18:36:19,"Google just hired a former Apple star engineer after his short stint at Tesla (GOOGL, TSLA)  http://ift.tt/2wKlMgYÂ  Julie Bort"
2017-08-14 18:36:07," http://ift.tt/2wKlMgYÂ  Google just hired a former Apple star engineer after his short stint at Tesla (GOOGL, TSLA)  pic.twitter.com/SmAxiGCnOV"
2017-08-14 18:35:12,"Google just hired a former Apple star engineer after his short stint at Tesla (GOOGL, TSLA)  http://ift.tt/2wKlMgYÂ "
2017-08-14 18:35:09,"Google just hired a former Apple star engineer after his short stint at Tesla (GOOGL, TSLA)  http://ift.tt/2wKlMgYÂ  johnangel1977"
2017-08-14 18:35:09,"Google just hired a former Apple star engineer after his short stint at Tesla (GOOGL, TSLA)  pic.twitter.com/ei9s9DcBAj"
2017-08-14 18:35:04,"Google just hired a former Apple star engineer after his short stint at Tesla (GOOGL, TSLA)  http://ift.tt/2wKlMgYÂ "
2017-08-14 18:34:28,"Google just hired a former Apple star engineer after his short stint at Tesla (GOOGL, TSLA)  http://ift.tt/2vDiEDeÂ "
2017-08-14 18:34:18,"Google just hired a former Apple star engineer after his short stint at Tesla (GOOGL, TSLA)  http://dlvr.it/Pf544bÂ  #storystream pic.twitter.com/ajQhFcyTFG"
2017-08-14 18:34:12,"Google just hired a former Apple star engineer after his short stint at Tesla (GOOGL, TSLA)  http://dlvr.it/Pf53qpÂ  #finance pic.twitter.com/v10MDgLHyl"
2017-08-14 18:34:07,"Google just hired a former Apple star engineer after his short stint at Tesla (GOOGL, TSLA)  http://read.bi/2uIwHpJÂ "
2017-08-14 18:33:56,"Women who work for Google are highly satisfied with the company â€” with one glaring exception (GOOG, GOOGL)  http://www.businessinsider.com/women-like-working-for-google-with-one-exception-2017-8Â â€¦"
2017-08-14 18:33:20,"Google just hired a former Apple star engineer after his short stint at Tesla (GOOGL, TSLA)  http://ift.tt/2vDiEDeÂ  pic.twitter.com/pEnzkMi8NJ"
2017-08-14 18:33:18,"New post: ""Google just hired a former Apple star engineer after his short stint at Tesla (GOOGL, TSLA)""  http://ift.tt/2wKlMgYÂ "
2017-08-14 18:31:05,"Barron's: ""Amazon to Hit $1,275 Next Year""  https://aff.whotrades.com/t/b/2s5ss/Â  $AMZN $AAPL $GOOG $GOOGL  pic.twitter.com/hahSOWoduI"
2017-08-14 18:30:37,"Google just hired a former Apple star engineer after his short stint at Tesla (GOOGL, TSLA) â€¦  http://ift.tt/eA8V8JÂ "
2017-08-14 18:30:13,All You Need To Know About The Upcoming Dropbox IPO  https://aff.whotrades.com/t/b/g55ja/Â  $BOX $GOOG $GOOGL $AAPL
2017-08-14 18:30:09,ACTIVE TRADERS Try one of these FREE trading guides:   http://ow.ly/qkhr30eniqdÂ  $NFLX $TSLA $AAPL $IBB $GS $FB $AMZN $GOOGL $NVDA
2017-08-14 18:29:51,"Google's Android O operating system could be released next week â€“ here are 11 of the best new features (GOOG, GOOGL)  http://www.businessinsider.com/google-android-o-release-date-features-2017-8Â â€¦"
2017-08-14 18:25:14,Who Are Uber's Biggest Competitors?  https://aff.whotrades.com/t/b/cm5hq/Â  $AAPL $GM $GOOGL $BABA $TCEHY pic.twitter.com/vB5b9RuABv
2017-08-14 18:25:05,Amazon: AI To Drive Competitive Advantage  https://seekingalpha.com/article/4098836-amazon-ai-drive-competitive-advantage?source=feed_fÂ â€¦ $GOOG #GOOGLE $MSFT $NVDA $GOOGL $AMZN
2017-08-14 18:24:38,Amazon: AI To Drive Competitive Advantage #GOOGLE #GOOG #MSFT #NVDA #GOOGL #AMZN #LongIdeas  https://seekingalpha.com/article/4098836-amazon-ai-drive-competitive-advantageÂ â€¦ pic.twitter.com/io514XcI21
2017-08-14 18:24:37,Amazon: AI To Drive Competitive Advantage  https://seekingalpha.com/article/4098836-amazon-ai-drive-competitive-advantage?source=feed_fÂ â€¦ $GOOG #GOOGLE $MSFT $NVDA $GOOGL $AMZN
2017-08-14 18:24:36,Will Uber Be the Hottest IPO of 2017?  https://aff.whotrades.com/t/b/vd3xb/Â  $AAPL $TSLA $F $GOOGL $TWLO $NTNX $SNAP pic.twitter.com/9slrNtL5Fy
2017-08-14 18:23:34,"Google cancels domain registration for Daily Stormer (GOOG, GOOGL) -   http://markets.businessinsider.com/news/1002256266Â "
2017-08-14 18:22:57,How gambling has replaced beer on Premier League shirts this season - The Independent  http://ift.tt/2fFzU6MÂ  via sports marketing - Googlâ€¦
2017-08-14 18:16:28,$GOOGL $UVXY $AMZN $CMG  were recommended by The Grim Contango at  https://www.stockhoot.com/ExtAnalyst.aspx?id=e0844f4c-c019-4b01-8a3a-254a20feaae1&srid=0c5bdf08-6e20-4655-adfd-1e08fd8dabd1&from=StockTwitsÂ â€¦
2017-08-14 18:00:51,Don't miss our next FREE OPTION TRADE.  Sign up for our Daily Free Trades at  http://ow.ly/c3tK30eniq9Â  $NVDA $TSLA $GS $GILD $BIIB $GOOGL $FB
2017-08-14 17:58:16,"Women who work for Google are highly satisfied with the company â€” with one glaring exception (GOOG, GOOGL)  http://read.bi/2w7YYcWÂ  pic.twitter.com/HIKY8fUfB5"
2017-08-14 17:56:15,"""Women who work for Google are highly satisfied with the company â€” with one glaring exception (GOOG, GOOGL)""  http://ift.tt/2uID4JCÂ "
2017-08-14 17:54:07,"Women who work for Google are highly satisfied with the company â€” with one glaring exception (GOOG, GOOGL)  http://ift.tt/2uID4JCÂ  pic.twitter.com/lQdxVxMGOE"
2017-08-14 17:47:01,Is $GOOGL stock a buy or a sell?   https://buff.ly/2vW0sY8Â 
2017-08-14 17:45:54,"3,195 Shares in Alphabet Inc. $GOOGL Acquired by Adalta Capital Management LLC  http://ift.tt/2uVQ667Â "
2017-08-14 17:45:36,"GOOGL - Corient Capital Partners, LLC Buys Alphabet Inc, Facebook Inc, Chevron Corp ...  http://ow.ly/NOwb50drjYnÂ "
2017-08-14 17:45:27,"Women who work for Google are highly satisfied with the company â€” with one glaring exception (GOOG, GOOGL)  http://ow.ly/3Tji50drjSZÂ "
2017-08-14 17:45:06,"REAL TIME TRADE ALERTS via PRIVATE $TWTR FEED, perfect for people who have FT jobs and trade part-time! $AMZN $NFLX $GOOGL $BABA $C $FB"
2017-08-14 17:44:53,"Women who work for Google are highly satisfied with the company â€” with one glaring exception (GOOG, GOOGL)  http://ift.tt/2wYH75nÂ "
2017-08-14 17:40:09,If everyone so unhappy w their job and lives.    Googl guy writes a paper that will cause huge issue knows what going to happen.
2017-08-14 17:35:30,"Women who work for Google are highly satisfied with the company â€” with one glaring exception (GOOG, GOOGL)  pic.twitter.com/KtsxARCE4W"
2017-08-14 17:35:25,"was just curious where this comes from, so i search by the image. muscle. short $GOOGL $GOOG pic.twitter.com/FcmsDEosaC"
2017-08-14 17:35:11,"Women who work for Google are highly satisfied with the company â€” with one glaring exception (GOOG, GOOGL)  http://ift.tt/2wKPCSfÂ "
2017-08-14 17:33:24,"Women who work for Google are highly satisfied with the company â€” with one glaring exception (GOOG, GOOGL)  http://ift.tt/2wKPCSfÂ  pic.twitter.com/zf52vGUKE1"
2017-08-14 17:32:24,"Women who work for Google are highly satisfied with the company â€” with one glaring exception (GOOG, GOOGL)  http://ift.tt/2uID4JCÂ "
2017-08-14 17:32:08,"Women who work for Google are highly satisfied with the company - with one glaring exception (GOOG, GOOGL)  http://ift.tt/2vCIg33Â "
2017-08-14 17:31:50,"Women who work for Google are highly satisfied with the company â€” with one glaring exception (GOOG, GOOGL)  http://ift.tt/2uID4JCÂ  Julie Bâ€¦"
2017-08-14 17:31:38,"""Women who work for Google are highly satisfied with the company â€” with one glaring exception (GOOG, GOOGL)"" by Julie Bort via Feedburner â€¦"
2017-08-14 17:31:25,"Women who work for Google are highly satisfied with the company â€” with one glaring exception (GOOG, GOOGL)  http://ift.tt/2uID4JCÂ  #intereâ€¦"
2017-08-14 17:31:21," http://ift.tt/2uID4JCÂ  Women who work for Google are highly satisfied with the company â€” with one glaring exception (GOOG, GOOGL)  pic.twitter.com/ozOzmoidmh"
2017-08-14 17:30:57,"Women who work for Google are highly satisfied with the company â€” with one glaring exception (GOOG, GOOGL)  http://ift.tt/2uID4JCÂ  johnangâ€¦"
2017-08-14 17:30:45,"Women who work for Google are highly satisfied with the company â€” with one glaring exception (GOOG, GOOGL) â€¦  http://ift.tt/eA8V8JÂ "
2017-08-14 17:30:33,"Women who work for Google are highly satisfied with the company â€” with one glaring exception (GOOG, GOOGL)  http://ift.tt/2uID4JCÂ "
2017-08-14 17:30:27,"Women who work for Google are highly satisfied with the company â€” with one glaring exception (GOOG, GOOGL)  http://ift.tt/2uID4JCÂ "
2017-08-14 17:30:21,"Women who work for Google are highly satisfied with the company â€” with one glaring exception (GOOG, GOOGL)  http://read.bi/2uWRDZCÂ "
2017-08-14 17:30:11,ACTIVE TRADERS Try one of these FREE trading guides:   http://ow.ly/yeim30eniq8Â  $NFLX $TSLA $AAPL $JWN $GS $FB $AMZN $GOOGL $NVDA
2017-08-14 17:27:25,"Women who work for Google are highly satisfied with the company â€” with one glaring exception (GOOG, GOOGL)  http://ift.tt/2wYIv7YÂ  #pymes â€¦"
2017-08-14 17:26:49,"Women who work for Google are highly satisfied with the company â€” with one glaring exception (GOOG, GOOGL)  http://www.occuworld.org/news/3578420Â "
2017-08-14 17:24:15,"Women who work for Google are highly satisfied with the company â€” with one glaring exception (GOOG, GOOGL)  http://read.bi/2wYQfHsÂ "
2017-08-14 17:22:25,St. Louis marketing firm volunteers at county animal shelter - Lincoln County Journal  http://ift.tt/2uDWRhrÂ  via sports marketing - Googlâ€¦
2017-08-14 17:18:22,"Aug 14 Monday, $GOOGL closed $938.93"
2017-08-14 17:15:05,NOW OFFERING 7 Day FREE Trial to  options day trading team Room or $TWTR feed   http://ow.ly/rdwz30eniRVÂ  $FB $AAPL $NFLX $TSLA $AMZN $GOOGL
2017-08-14 17:12:46,"Even if $AMZN investing in healthcare, might be 3rd place tech giant there.  $GOOGL already strong -now $AAPL ?  https://www.cnbc.com/2017/08/14/apple-aetna-secret-meetings-to-bring-apple-watch-to-millions-more.htmlÂ â€¦"
2017-08-14 17:07:55,".BABA share multiples in excess of FB, AAPL, GOOGL  http://www.followcn.com/alibaba-tencent-looking-riskier-placing-bigger-bets/Â â€¦"
2017-08-14 17:07:07,Inside The Marketâ€™s Most Popular Tech ETF â€“ Worth A Shot At Lofty Prices?    https://buff.ly/2wJQVAQÂ  $MSFT $FB $GOOG $GOOGL $V
2017-08-14 17:03:18,Will Uber Be the Hottest IPO of 2017?  http://bit.ly/140817UBERÂ  $UBER $AAPL $TSLA $F $GOOG $GOOGL
2017-08-14 17:00:38,Don't miss our next FREE OPTION TRADE.  Sign up for our Daily Free Trades at  http://ow.ly/viGH30eniq7Â  $NVDA $TSLA $GS $REGN $BAC $GOOGL $FB
2017-08-14 16:59:35,#Options #maxpain chart for $GOOGL. Free options app  http://www.mystockstation.com/Â  pic.twitter.com/I6r9CbhCdH
2017-08-14 16:56:04,On The Fly: Top stock stories for Monday $MRK $GOOG $GOOGL $GDDY $SYY $AAPL $AET $NEFF $HEES $FCAU $ZYNE $JD  http://dlvr.it/Pf4C6VÂ 
2017-08-14 16:51:04,Visualizing The Diversity Of The #Tech Industry $P $EBAY $INTC $MSFT $GOOGL $GPRO  https://goo.gl/EkTLW1Â 
2017-08-14 16:50:18,Leon Cooperman Bets on Non-FAANG Tech in 2nd Quarter   https://www.gurufocus.com/news/553674Â  $amzn $googl $fb $nflx
2017-08-14 16:49:08,Electric Cars-BYD Leads The Chinese Charge  https://seekingalpha.com/article/4098811-electric-cars-byd-leads-chinese-charge?source=feed_fÂ â€¦ $FCAU $GELYY $BIDU $GOOG $GOOGL $AAPL $SSNLF $GM $F $PCRFY $DDAIY $TSLA
2017-08-14 16:45:59,Electric Cars-BYD Leads The Chinese Charge #FCAU #GELYY #BIDU #GOOG #GOOGL #AAPL #SSNLF #GM  https://seekingalpha.com/article/4098811-electric-cars-byd-leads-chinese-chargeÂ â€¦ pic.twitter.com/QMuMKDYBVy
2017-08-14 16:45:50,Electric Cars-BYD Leads The Chinese Charge  https://seekingalpha.com/article/4098811-electric-cars-byd-leads-chinese-charge?source=feed_fÂ â€¦ $FCAU $GELYY $BIDU $GOOG $GOOGL $AAPL $SSNLF $GM $F $PCRFY $DDAIY $TSLA
2017-08-14 16:44:30,Because googl maps said go straight.
2017-08-14 16:44:29,"Google cancels domain registration for Daily Stormer (GOOG, GOOGL)  http://dld.bz/fZNVzÂ "
2017-08-14 16:43:02,Google & GoDaddy give neo-Nazi website the Daily Stormer the boot:  https://buff.ly/2i124tIÂ  $GOOGL  pic.twitter.com/ImtsJHcq8U
2017-08-14 16:38:46,"Top #tweeted #RNA list story: Metagenomics - Tools, Methods and Madness - Googlâ€¦  https://docs.google.com/document/d/1qLczhk4MAKjkOtz-PnXhmgGEWnWQJHLf0Mjd1B9U2RU/editÂ â€¦, see more  http://tweetedtimes.com/v/1342?s=tnpÂ "
2017-08-14 16:33:54,v4 --> Mon Aug 14 20:46:34 UTC 2017 (4) MSFT  ->  -10700.78 (1) PYPL  ->  -13327.967 (20) GOOGL  ->  -11147.344
2017-08-14 16:31:05,"Cloud drives Q2 growth for Google, Amazon, and #Microsoft (, GOOGL, AMZN). Read more:  http://owler.us/ac0QX8Â  $MSFT"
2017-08-14 16:30:23,ACTIVE TRADERS Try one of these FREE trading guides:   http://ow.ly/72MR30eniq6Â  $NFLX $TSLA $AAPL $BIDU $GS $FB $AMZN $GOOGL $NVDA
2017-08-14 16:27:50,Sure. But googl ceo really stupid for firing him over the memo.
2017-08-14 16:27:01,"Apple Gets $3B a Year From Google, Says Bernstein; Double-Edged Sword? - Barron's - Tech Trader Daily - $AAPL $GOOGL  http://www.barrons.com/articles/apple-gets-3b-a-year-from-google-says-bernstein-double-edged-sword-1502742085?mod=hp_RTA&Â â€¦"
2017-08-14 16:25:58,"Cloudflare is helping defend a neo-Nazi website from hackers, even as Google and GoDaddy are distancing themselves from it (GOOGL)  pic.twitter.com/ZmsvO35tI4"
2017-08-14 16:25:39,"Alphabet Inc. (GOOGL) price at close, August 14, 2017, is 938.93."
2017-08-14 16:24:33,#JamesDamore #Censorship #1A #FreeSpeech #ThoughtPolice $GOOGL  http://www.businessinsider.com/fired-google-engineer-james-damore-defended-himself-on-reddit-2017-8Â â€¦
2017-08-14 16:24:08,#Damore makes sense. $GOOG $GOOGL should apologize to him. #SiliconValley turning into the Valley of Lilliputian Ninnies. @CNBCClosingBell
2017-08-14 16:24:04,There are cracks in the foundation of fortress FANG  https://buff.ly/2w4wH88Â  $FB $AMZN $NFLX $GOOGL  pic.twitter.com/IvK1PV0cEK
2017-08-14 16:23:23,AcciÃ³n de Alphabet Inc. (GOOGL) cierra la jornada con precio de $938.93 USD  pic.twitter.com/KwiEK6vvbC
2017-08-14 16:23:08,"Alphabet Inc. (GOOGL) price at close, August 14, 2017, is 938.93."
2017-08-14 16:23:04,"Alphabet Inc. (GOOGL) price at close, August 14, 2017, is 938.93 USD. #Stocks #Google #GOOGL"
2017-08-14 16:22:13,"Alphabet Inc. (GOOGL) price at close, August 14, 2017, is 938.93.  pic.twitter.com/SpWjaVW0a9"
2017-08-14 16:22:05,"Cloudflare is helping defend a neo-Nazi website from hackers, even as Google and GoDaddy are distancing themselves from it (GOOGL) â€¦"
2017-08-14 16:21:14,"Cloudflare is helping defend a neo-Nazi website from hackers, even as Google and GoDaddy are distancing themselves from it (GOOGL) â€¦"
2017-08-14 16:20:42,"Cloudflare is helping defend a neo-Nazi website from hackers, even as Google and GoDaddy are distancing themselves from it (GOOGL) â€¦"
2017-08-14 16:19:09,$GOOGL - Google Cancels Neo-Nazi Site Daily Stormer's Registration  http://ih.advfn.com/p.php?pid=nmona&article=75446388&adw=1126416Â â€¦
2017-08-14 16:19:08,$GOOGL - Google Cancels Neo-Nazi Site Daily Stormer's Registration  http://uk.advfn.com/stock-market/NASDAQ/GOOGL/share-news/Google-Cancels-Neo-Nazi-Site-Daily-Stormers-Regist/75446388?adw=1126416Â â€¦
2017-08-14 16:18:39,v4 --> Mon Aug 14 20:31:20 UTC 2017 (4) MSFT  ->  -10700.78 (1) PYPL  ->  -13327.967 (21) GOOGL  ->  -11214.475
2017-08-14 16:17:24,"Cloudflare is helping defend a neo-Nazi website from hackers, even as Google and GoDaddy are distancing themselves from it (GOOGL) â€¦"
2017-08-14 16:17:14,"""Cloudflare is helping defend a neo-Nazi website from hackers, even as Google and GoDaddy are distancing themselves from it (GOOGL)"" by Becâ€¦"
2017-08-14 16:16:39,"Google may have paid Apple $3 billion to remain the iPhone's default search engine (AAPL, GOOG, GOOGL)  http://ift.tt/2w7E25KÂ  pic.twitter.com/3Bv751JMEK"
2017-08-14 16:16:38,"Google may have paid Apple $3 billion to remain the iPhone's default search engine (AAPL, GOOG, GOOGL)  http://ift.tt/2w7E25KÂ  pic.twitter.com/rjAexarvM9"
2017-08-14 16:16:38,"Google may have paid Apple $3 billion to remain the iPhone's default search engine (AAPL, GOOG, GOOGL)  http://ift.tt/2w7E25KÂ  pic.twitter.com/XFTOfoWx8H"
2017-08-14 16:16:38,"Google may have paid Apple $3 billion to remain the iPhone's default search engine (AAPL, GOOG, GOOGL)  http://ift.tt/2w7E25KÂ  pic.twitter.com/2YxmldAKC6"
2017-08-14 16:15:04,"REAL TIME TRADE ALERTS via PRIVATE $TWTR FEED, perfect for people who have FT jobs and trade part-time! $AMZN $NFLX $GOOGL $BIIB $GS $FB"
2017-08-14 16:08:03,Google is amping up their AI team  https://buff.ly/2uI4EXKÂ  $GOOGL $AAPL
2017-08-14 16:07:17,"Druckenmiller is solidly behind top tech names & put significant money in $MSFT $FB $GOOGL $AMZN $CRM $JD, That's called high conviction."
2017-08-14 16:06:05,googl/1QePoI  #OpKillingBay #ALieToldOftenEnoughBecomesTheTruth
2017-08-14 16:03:49,v4 --> Mon Aug 14 20:16:29 UTC 2017 (1) PYPL  ->  -13327.967 (3) MSFT  ->  -11210.315 (20) GOOGL  ->  -12042.902
2017-08-14 16:02:03,"Our internet analyst, James Lee, lists $FB, $GOOGL and $AMZN as his top picks. Read why. https://cards.twitter.com/cards/18ce54czpfn/4mylxÂ â€¦"
2017-08-14 16:02:00,The Most Compelling FANG Stock Delivers $FB $AMZN $NFLX $GOOGL  http://bit.ly/2vCUw3KÂ  http://bit.ly/FBFNTTSÂ 
2017-08-14 16:01:03,"Googleâ€™s Android O operating system could be released next week â€“ here are 11 of the best new features (GOOG,Â GOOGL)  http://doyeltimes.com/technology-news/googles-android-o-operating-system-could-be-released-next-week-here-are-11-of-the-best-new-features-goog-googl/Â â€¦"
2017-08-14 16:00:59,Don't miss our next FREE OPTION TRADE.  Sign up for our Daily Free Trades at  http://ow.ly/HmvR30eniq5Â  $NVDA $TSLA $GS $GILD $MU $GOOGL $FB
2017-08-14 16:00:30,"for every seller there is a buyer *DUQUESNE BOOSTED FB, GOOGL, MSFT, AMZN, CMCSA IN 2Q: 13F"
2017-08-14 15:57:22,"Google cancels domain registration for Daily Stormer (GOOG,Â GOOGL)  http://www.gistpartner.com/index.php/2017/08/14/google-cancels-domain-registration-for-daily-stormer-goog-googl/Â â€¦ pic.twitter.com/FA5Ng8k3jK"
2017-08-14 15:57:19,Private? Um $GOOGL $GOOG and $GDDY. More of a #1stAmendment issue.
2017-08-14 15:48:47,v4 --> Mon Aug 14 20:01:27 UTC 2017 (1) PYPL  ->  -13327.967 (3) MSFT  ->  -10534.594 (20) GOOGL  ->  -11632.925
2017-08-14 15:48:34,"yes, that is what i was seeing too. FB MSFT GOOGL not too shabby either"
2017-08-14 15:45:18,Inside The Marketâ€™s Most Popular Tech ETF â€“ Worth A Shot At Lofty Prices?    https://buff.ly/2hZCQw3Â  $MSFT $FB $GOOG $GOOGL $V
2017-08-14 15:45:05,NOW OFFERING 7 Day FREE Trial to  options day trading team Room or $TWTR feed   http://ow.ly/D1RO30eniRSÂ  $CELG $AAPL $NFLX $TSLA $AMZN $GOOGL
2017-08-14 15:44:04,I see nice candle above 5ma in daily chart are: $AAPL $FB $GOOGL $AMZN $NVDA $TSLA $TWTR $WYNN $AMD $GLD
2017-08-14 15:42:51,Milka â€“ starÃ¡ reklama z roku 2002 / Werbung / Commercial (cca 2002) @ StarÃ© Reklamy  http://ift.tt/2uI8fF0Â  Googlâ€¦  http://ift.tt/1M2Y0PIÂ 
2017-08-14 15:40:33,"@Sprint credits ""Magic Box"" for Improving Network Performance  http://www.fiercewireless.com/wireless/sprint-credits-magic-box-for-improving-network-performanceÂ â€¦ $S $MSFT $QQQ $HPNN $DIS $CHTR $APPL $GOOGL $HPQ $DISH"
2017-08-14 15:37:18,$GOOGL not so bad...
2017-08-14 15:33:55,v4 --> Mon Aug 14 19:46:35 UTC 2017 (2) PYPL  ->  -12356.878 (3) MSFT  ->  -10539.396 (21) GOOGL  ->  -11780.363
2017-08-14 15:33:07,"Tiger cut stakes in GOOG, GOOGL, FB, , NFLX, AMZN #TheZeroHedge"
2017-08-14 15:33:02,Predictions By September 1 On The Following: $FB $AAPL $AMZN $NFLX $GOOGL $TSLA $AMD $NVDA $BTCUSD  https://buff.ly/2wY1tflÂ 
2017-08-14 15:32:10,"zerohedge: Tiger cut stakes in GOOG, GOOGL, FB, , NFLX, AMZN"
2017-08-14 15:30:38,"zerohedge: Tiger cut stakes in GOOG, GOOGL, FB, , NFLX, AMZN"
2017-08-14 15:30:14,ACTIVE TRADERS Try one of these FREE trading guides:   http://ow.ly/YVOS30eniq4Â  $NFLX $TSLA $AAPL $PCLN $GS $FB $AMZN $GOOGL $NVDA
2017-08-14 15:22:45,Predictions By September 1 On The Following: $FB $AAPL $AMZN $NFLX $GOOGL $TSLA $AMD $NVDA $BTCUSD https://buff.ly/2hISZpzÂ 
2017-08-14 15:21:06,CÃ³mo forzar las actualizaciones de tu Google Chromecast &#191;Tienes un Googl  https://elandroidelibre.elespanol.com/2017/08/como-forzar-actualizaciones-google-chromecast.htmlÂ â€¦
2017-08-14 15:18:46,v4 --> Mon Aug 14 19:31:27 UTC 2017 (2) PYPL  ->  -12356.878 (3) MSFT  ->  -10534.479 (19) GOOGL  ->  -11288.227
2017-08-14 15:16:47,"Google's Android O operating system could be released next week â€“ here are 11 of the best new features (GOOG, GOOGL) â€¦"
2017-08-14 15:16:21,"Google's Android O operating system could be released next week â€“ here are 11 of the best new features (GOOG, GOOGL) â€¦"
2017-08-14 15:15:42,"Google's Android O operating system could be released next week â€“ here are 11 of the best new features (GOOG, GOOGL)  pic.twitter.com/g1do0na7hf"
2017-08-14 15:15:30,"Google's Android O operating system could be released next week â€“ here are 11 of the best new features (GOOG, GOOGL) â€¦"
2017-08-14 15:07:41,"Google's Android O operating system could be released next week â€“ here are 11 of the best new features (GOOG, GOOGL) â€¦"
2017-08-14 15:07:15,"Google cancels domain registration for Daily Stormer (GOOG, GOOGL): Google has canceled the domain regis.. #tech  http://dld.bz/fZNNPÂ "
2017-08-14 15:06:49,"How Apple Could Make Default Apps A Profit Machine, Like Google:  http://ow.ly/gW1C30ep0ZiÂ  $AAPL $GOOGL $FB $SNAP $TWTR"
2017-08-14 15:05:43,Bullish Move Higher in GOOGL - great for small accounts:  http://youtu.be/BS-SsK7is8E?aÂ  via @YouTube
2017-08-14 15:05:37,I added a video to a @YouTube playlist  http://youtu.be/BS-SsK7is8E?aÂ  Bullish Move Higher in GOOGL - great for small accounts
2017-08-14 15:05:26,Nvidia: Beat And Tank Flags The Fall  https://seekingalpha.com/article/4098768-nvidia-beat-tank-flags-fall?source=feed_fÂ â€¦ $AMD $AMZN $FJTSY $GOOG $GOOGL $INTC $MSFT $NVDA
2017-08-14 15:04:57,Nvidia: Beat And Tank Flags The Fall  https://seekingalpha.com/article/4098768-nvidia-beat-tank-flags-fall?source=feed_fÂ â€¦ $AMD $AMZN $FJTSY $GOOG $GOOGL $INTC $MSFT $NVDA
2017-08-14 15:04:42,Just the Facts on Single Versus ... -  https://goo.gl/UxYpBRÂ  #AAPL #CurrentAffairs #ETF101 #GOOGL #Indexing #JHML #JHMM #LargeCap pic.twitter.com/uWpWwCZJc1
2017-08-14 15:04:40,Just the Facts on Single Versus ... -  https://goo.gl/UxYpBRÂ  #AAPL #CurrentAffairs #ETF101 #GOOGL #Indexing #JHML #JHMM #LargeCap pic.twitter.com/iftvenS7hi
2017-08-14 15:04:37,He won't need to work if he wins a lawsuit against googl
2017-08-14 15:04:28,"#Twitter #Googl #USA #NZ - - We pay to launch YOUR business using magic, changing Splash Pages:  http://bit.ly/2tdX8XqÂ  pic.twitter.com/BUEJLPs1Zd"
2017-08-14 15:03:57,v4 --> Mon Aug 14 19:16:38 UTC 2017 (2) PYPL  ->  -12620.729 (2) MSFT  ->  -11562.471 (19) GOOGL  ->  -11415.175
2017-08-14 15:02:55,"Google cancels domain registration for Daily Stormer (GOOG, GOOGL)  http://www.businessinsider.com/google-cancels-domain-registration-for-daily-stormer-2017-8Â â€¦"
2017-08-14 15:02:19,LOTS of stupid people..THE googl person that wrote that memo  KNEW EXACTLY what he was doing  NOW gets cnbc time
2017-08-14 15:01:14,"""Google's Android O operating system could be released next week â€“ here are 11 of the best new features (GOOG, GOOGL)"" by Antonio Villas-Boâ€¦"
2017-08-14 15:00:49,Don't miss our next FREE OPTION TRADE.  Sign up for our Daily Free Trades at  http://ow.ly/uVxr30eniq3Â  $NVDA $TSLA $GS $ORCL $BAC $GOOGL $FB
2017-08-14 15:00:38,"Incredible! (AAPL, GOOG, GOOGL)   http://dlvr.it/Pf39CRÂ  pic.twitter.com/ruwzQdXZg6"
2017-08-14 14:58:24,$GOOGL new position 2day going back to 1k and catching the ride. #stockmarket #trade #investing
2017-08-14 14:56:04,Who Are Uber's Biggest Competitors?  http://bit.ly/140817AAPL6Â  $AAPL $GM $GOOG $GOOGL $BABA $TCEHY
2017-08-14 14:54:22,"Google cancels domain registration for Daily Stormer (GOOG, GOOGL)  http://www.businessinsider.com/google-cancels-domain-registration-for-daily-stormer-2017-8Â â€¦"
2017-08-14 14:54:05,"Google cancels domain registration for Daily Stormer (GOOG, GOOGL)  http://www.businessinsider.com/google-cancels-domain-registration-for-daily-stormer-2017-8Â â€¦"
2017-08-14 14:50:14,"Google cancels domain registration for Daily Stormer (GOOG, GOOGL)  http://www.businessinsider.com/google-cancels-domain-registration-for-daily-stormer-2017-8Â â€¦"
2017-08-14 14:48:28,v4 --> Mon Aug 14 19:01:08 UTC 2017 (2) PYPL  ->  -12620.729 (2) MSFT  ->  -11559.509 (21) GOOGL  ->  -11473.772
2017-08-14 14:46:14,Ø§Ù„Ù…Ø­Ø§ÙØ¸Ø© Ø¹Ù„Ù‰ Ø§Ù„ØµÙ„Ø§Ø© ÙˆØ£Ù…Ø± Ø§Ù„Ø£Ù‡Ù„ Ø¨Ù‡Ø§ Ù…Ù† Ø£Ø³Ø¨Ø§Ø¨ Ø§Ù„Ø±Ø²Ù‚ ( ÙˆØ£Ù…ÙØ± Ø£Ù‡Ù„Ùƒ Ø¨Ø§Ù„ØµÙ„Ø§Ø© ÙˆØ§ØµØ·Ø¨Ø± Ø¹Ù„ÙŠÙ‡Ø§ Ù„Ø§ Ù†Ø³Ø£Ù„Ùƒ Ø±Ø²Ù‚Ø§ Ù†Ø­Ù† Ù†Ø±Ø²Ù‚Ùƒ ... )  http://Quran.toÂ 
2017-08-14 14:46:13,GOOGL - Checking the Overall Picture for Alphabet Inc. (GOOGL)  http://ow.ly/JFWH50drbujÂ 
2017-08-14 14:45:56,"Google cancels domain registration for Daily Stormer (GOOG, GOOGL)  http://ow.ly/4F3V50drb9UÂ "
2017-08-14 14:45:08,"REAL TIME TRADE ALERTS via PRIVATE $TWTR FEED, perfect for people who have FT jobs and trade part-time! $AMZN $NFLX $GOOGL $BABA SMU $FB"
2017-08-14 14:44:47,Ø§Ù„Ù„Ù‡Ù… Ø£Ø¹Ù†ÙŠ Ø¹Ù„Ù‰ Ø°ÙƒØ±Ùƒ ÙˆØ´ÙƒØ±Ùƒ ÙˆØ­Ø³Ù† Ø¹Ø¨Ø§Ø¯ØªÙƒ  â™»ï¸  http://du3a.org/Â 
2017-08-14 14:40:47,"Snap is slipping ahead of second quarter earnings (SNAP, GOOGL)  http://dlvr.it/Pf3086Â  pic.twitter.com/B0qie7rXWC"
2017-08-14 14:39:30,"Amazon Has Largest A.I. Platform in the World, Its Machine Learning Guru Boasts - Tech Trader Daily - $AMZN $GOOGL  http://www.barrons.com/articles/amazon-has-largest-a-i-platform-in-the-world-its-machine-learning-guru-boasts-1502735878?mod=hp_RTA&Â â€¦"
2017-08-14 14:39:20,"#Twitter #socialmedia Female Tech CEO: Join My Startup, Trump-Lovingâ€¦  http://dlvr.it/Pf2zQKÂ  #NASDAQ_GOOGL #WhyGreatLeadersAreCatalysts pic.twitter.com/8pdK6IGI7P"
2017-08-14 14:37:51,"$MRK, and now $GOOGL, reacting to #Charlottesville https://twitter.com/jolingkent/status/897159127687847937Â â€¦"
2017-08-14 14:34:08,Alphabet Inc (NASDAQ:GOOGL) Continue to Uproot Microsoft Corporation (NASDAQ:MSFT) and Apple Inc (NASDAQ:AAPL)...  http://fb.me/2fOmxdsrWÂ 
2017-08-14 14:34:04,Are FAANG Actually Riskier When They Have Very Clean Balance Sheets?   https://buff.ly/2w3Yu8sÂ  $FB $AMZN $AAPL $NFLX $GOOG $GOOGL #stocks
2017-08-14 14:33:43,v4 --> Mon Aug 14 18:46:23 UTC 2017 (2) PYPL  ->  -12620.729 (2) MSFT  ->  -11559.509 (20) GOOGL  ->  -11645.385
2017-08-14 14:30:25,ACTIVE TRADERS Try one of these FREE trading guides:   http://ow.ly/xE9U30eniq2Â  $NFLX $TSLA $AAPL $AXP $GS $FB $AMZN $GOOGL $NVDA
2017-08-14 14:28:02,$GOOG $GOOGL  https://twitter.com/LiveSquawk/status/897140925180379142Â â€¦
2017-08-14 14:26:40,Wonder if he may end up going back to $AAPL after sampling $TSLA and now $GOOGL  https://twitter.com/technology/status/897162228918628352Â â€¦
2017-08-14 14:23:02,Are FAANG Actually Riskier When They Have Very Clean Balance Sheets?   https://buff.ly/2wrdXg0Â  $FB $AMZN $AAPL $NFLX $GOOG $GOOGL
2017-08-14 14:22:50,Google $GOOGL may have paid $AAPL Apple $3 billion to remain the iPhone's default search engine  https://buff.ly/2vy8NjJÂ  pic.twitter.com/PszOrCJnbe
2017-08-14 14:22:04,90% of successful trading is about you. Learn how to do it better! #stocks $AAPL $FB $AMZN $FB $GOOGL  http://bit.ly/2kV2NtGÂ 
2017-08-14 14:21:18,"Netflix wins 'Scandal' creator Rhimes in blow to Disney, ABC $NFLX $GOOGL  https://www.barchart.com/social/share?t=Netflix%20wins%20'Scandal'%20creator%20Rhimes%20in%20blow%20to%20Disney%2C%20ABC&d=NEW%20YORK%20(AP)%20%E2%80%94%20Netflix%20has%20lured%20Shonda%20Rhimes%2C%20the%20well-regarded%20creator%20of%20TV%20series%20%22Scandal%22%20and%20%22Grey's%20Anatomy%2C%22%20from%20ABC%20%E2%80%94%20announcing%20its%20scoop%20just%20days%20after%20ABC%20owner%20Disney%20laid%20out%20plans%20...&i= https%3A%2F%2Fs3.amazonaws.com%2Fbarchart-news-media%2Fap%2F8239e543b6364e0b98132f904fa073ad%2Fa030fd37cb7b425697f883879822a6b7_tv_shonda_rhimes_94535.jpg&r= https%3A%2F%2Fwww.barchart.com%2Fnews%2Ftop-stories%23%2Fnews%2F3797409%2Fnetflix-wins-scandal-creator-rhimes-in-blow-to-disney-abc&du=falseÂ â€¦ via @Barchart"
2017-08-14 14:20:57,Daily Stormer's shunned immediately by $GOOGL  https://twitter.com/SteveKopack/status/897158745096163332Â â€¦
2017-08-14 14:20:52,"I see FAAMG on a few financial sites (FB, AMZN, AAPL, MSFT, GOOGL). They replaced NFLX with MSFT...but how does one pronounce ""FAAMG""?  ðŸ¤¦â€â™‚ï¸  https://twitter.com/petenajarian/status/897151064343846912Â â€¦"
2017-08-14 14:20:40,Diversification: What's Good For Your Portfolio Is Good For Your Business  https://seekingalpha.com/article/4098569-diversification-good-portfolio-good-business?source=tweetÂ â€¦ $GOOG $GOOGL $FB $SNAP
2017-08-14 14:20:09,New Alphabet Inc (GOOGL) Waymo Patent Aims To Make Car Crashes Safer -  http://StockNews.comÂ  (blog)  http://dlvr.it/Pf2ndmÂ  pic.twitter.com/G08wvwDe7V
2017-08-14 14:18:50,v4 --> Mon Aug 14 18:31:30 UTC 2017 (2) PYPL  ->  -12620.729 (1) MSFT  ->  -11904.607 (19) GOOGL  ->  -10730.149
2017-08-14 14:17:06,Google doesn't want the Nazi's either. $GOOGL $GOOGL  https://twitter.com/CNBCnow/status/897160019774451712Â â€¦
2017-08-14 14:15:07,NOW OFFERING 7 Day FREE Trial to  options day trading team Room or $TWTR feed   http://ow.ly/rZzY30eniRPÂ  $SPX $AAPL $NFLX $TSLA $AMZN $GOOGL
2017-08-14 14:09:27,$GOOGL $GOOG P back ratio works well
2017-08-14 14:09:07,"Google may have paid Apple $3 billion to remain the iPhone's default search engine (AAPL, GOOG, GOOGL)  http://dld.bz/fZM2SÂ "
2017-08-14 14:05:50,$JD $JBHT $INCY $GOOGL $GOOG NEW BUY or SELL  http://darthtraderstocks.blogspot.com/2017/08/jd-jbht-incy-googl-goog-new-buy-or-sell_10.htmlÂ â€¦ â€¦ My #1 Pick $LUVU a Warren Buffett BUY & HOLD  http://darthtraderstocks.blogspot.com/2017/08/a-small-company-operating-out-of_8.htmlÂ â€¦
2017-08-14 14:04:04,$googl  https://twitter.com/md4urmind/status/897155897432125443Â â€¦
2017-08-14 14:04:00,Top 10 shorted stocks $TSLA $T $GOOGL $AAPL $NFLX $AMZN $INTC $WMT $V $FB pic.twitter.com/4QvnzHgrX8
2017-08-14 14:03:50,v4 --> Mon Aug 14 18:16:30 UTC 2017 (1) MSFT  ->  -11836.214 (2) PYPL  ->  -12620.729 (19) GOOGL  ->  -10914.383
2017-08-14 14:03:00,M&A News: $GOOGL buys Seattle health #tech company Senosis.  https://www.geekwire.com/2017/exclusive-google-buys-seattle-health-monitoring-startup-senosis-bolstering-digital-health-push/Â â€¦ via @geekwire pic.twitter.com/kYefA4FsC6
2017-08-14 14:01:40,Google may have paid Apple $3 billion to remain the iPhone's default search engine  $AAPL $GOOGL  http://www.businessinsider.com/google-paid-apple-3-billion-remain-iphone-default-search-engine-analyst-estimate-2017-8Â â€¦
2017-08-14 14:01:05,Don't miss our next FREE OPTION TRADE.  Sign up for our Daily Free Trades at  http://ow.ly/X02c30eniq1Â  $NVDA $TSLA $GS $GILD $AMD $GOOGL $FB
2017-08-14 13:59:17, https://seekingalpha.com/article/4088690-surprise-google-glass-announcement-tipping-point-enterprise-augmented-realityÂ â€¦ $KOPN $GOOGL $HIMX $MSFT #wearables #AR #AugmentedReality #tippingpoint is 2017. https://twitter.com/toddreily/status/897155048727355392Â â€¦
2017-08-14 13:58:05,"Tech: Google may have paid Apple $3 billion to remain the iPhone's default search engine (AAPL, GOOG, GOOGLâ€¦  https://goo.gl/fb/6UCs8uÂ "
2017-08-14 13:54:05,"Tech: Google may have paid Apple $3 billion to remain the iPhone's default search engine (AAPL, GOOG, GOOGLâ€¦  https://goo.gl/fb/6UCs8uÂ  #news"
2017-08-14 13:51:41,I highly recommend checking this out for finding good stocks to trade  http://bit.ly/2w3mYKZÂ  $AMZN $GOOGL $GOOG
2017-08-14 13:48:44,v4 --> Mon Aug 14 18:01:24 UTC 2017 (1) MSFT  ->  -11836.214 (2) PYPL  ->  -12356.878 (19) GOOGL  ->  -10539.69
2017-08-14 13:45:29,"Google may have paid Apple $3 billion to remain the iPhone's default search engine (AAPL, GOOG, GOOGL)  http://ow.ly/ax8U50dr5XLÂ "
2017-08-14 13:45:07,"If youâ€™re not making money in this market & want consistency, try our team  http://ow.ly/CvaQ30eniROÂ  $FB $NFLX $AMZN $GOOGL $TSLA $AAPL $GS"
2017-08-14 13:43:32,oke googl commen se remettr dun chagrin damour
2017-08-14 13:42:27,"In a way, $GOOGL 's benefitted from the tragic & infuriating happenings on the East Coast. Hopefully, people should get a better perspective"
2017-08-14 13:41:35,"Comcast Co-Leads Investment In TuneIn Online Radio  https://lnkd.in/dFnn2YNÂ  $CMCSA, $AMZN, $GOOG, $GOOGL"
2017-08-14 13:39:17,Ultra Fit and Slim â€“ starÃ¡ reklama s Halinou Pavlowskou z roku 2003 @ StarÃ© Reklamy  http://ift.tt/2wYeCowÂ  Googlâ€¦  http://ift.tt/1M2Y0PIÂ 
2017-08-14 13:39:10,Alphabet Inc (GOOGL) Stock Is a Rare Opportunity Right Now (Nicolas Chahine/InvestorPlace)  http://dlvr.it/Pf2QF1Â 
2017-08-14 13:37:38,"110+ 2% Nasdaqs from ""Place to reverse... $QNET NAZ NET INDEX -6.6% PEAK-TROUGH INLINE -- $FB $AMZN $NVDA $GOOGL  http://yourpersonaltrader.squarespace.com/into-the-trading-day-archives/2017/8/11/qnet-nasdaq-net-index-66-peak-to-trough-inline-w-leg-1-7-2-5.htmlÂ â€¦ https://twitter.com/Yourpersonaltr1/status/895970149454446592Â â€¦"
2017-08-14 13:34:13,losces - Recherche Googl'uyfd  https://www.google.fr/search?q=losces&client=safari&hl=fr-fr&prmd=mivn&source=lnms&tbm=nws&sa=X&ved=0ahUKEwiysu_MoNfVAhUD5xoKHclPAAAQ_AUIDCgE&biw=568&bih=232&dpr=2Â â€¦
2017-08-14 13:34:11,Alphabet Inc (GOOGL) Stock Is a Rare Opportunity Right Now #Restaurant  http://www.newslocker.com/en-us/profession/restaurant/alphabet-inc-googl-stock-is-a-rare-opportunity-right-now/Â â€¦
2017-08-14 13:33:49,Ø±Ø¨ÙŠ Ø£Ø¹ÙˆØ° Ø¨Ùƒ Ù…Ù† Ø§Ù„ÙƒØ³Ù„ ÙˆØ³ÙˆØ¡ Ø§Ù„ÙƒØ¨Ø±  â™»ï¸  http://du3a.org/Â 
2017-08-14 13:33:39,v4 --> Mon Aug 14 17:46:19 UTC 2017 (1) MSFT  ->  -11836.214 (2) PYPL  ->  -12356.878 (17) GOOGL  ->  -10287.589
2017-08-14 13:32:26,Comcast Co-Leads Investment In TuneIn Online Radio  https://seekingalpha.com/article/4098722-comcast-co-leads-investment-tunein-online-radio?source=tweetÂ â€¦ $AMZN $GOOG $GOOGL $CMCSA
2017-08-14 13:32:07,Comcast Co-Leads Investment In TuneIn Online Radio  https://seekingalpha.com/article/4098722-comcast-co-leads-investment-tunein-online-radio?source=feed_fÂ â€¦ $AMZN $GOOG $GOOGL $CMCSA
2017-08-14 13:30:31,Comcast Co-Leads Investment In TuneIn Online Radio #AMZN #GOOG #GOOGL #CMCSA #DonovanJones  https://seekingalpha.com/article/4098722-comcast-co-leads-investment-tunein-online-radioÂ â€¦ pic.twitter.com/AFB79U3xtm
2017-08-14 13:30:29,Comcast Co-Leads Investment In TuneIn Online Radio  https://seekingalpha.com/article/4098722-comcast-co-leads-investment-tunein-online-radio?source=feed_fÂ â€¦ $AMZN $GOOG $GOOGL $CMCSA
2017-08-14 13:30:19,ACTIVE TRADERS Try one of these FREE trading guides:   http://ow.ly/bqGi30eniq0Â  $NFLX $TSLA $AAPL $CMG $GS $FB $AMZN $GOOGL $NVDA
2017-08-14 13:26:19,"Q&A with ""legendary engineer"" Qi Lu (now COO of Baidu after leaving Microsoft last year) about #AI. $AAPL $AMZN $BIDU $GOOG $GOOGL $MSFT https://twitter.com/WIRED/status/896643795281948673Â â€¦"
2017-08-14 13:24:27,"GOOGL Top news - Aug 14th, 2017 $GOOGL  http:// https://goo.gl/7srRdWÂ "
2017-08-14 13:21:38,Alphabet Inc. $GOOGL Shares Sold by Kimelman & Baird LLC  http://ift.tt/2uH8Jv7Â 
2017-08-14 13:19:08,Ø§Ù„Ù„Ù‡Ù… Ø§Ø­ÙØ¸Ù†ÙŠ Ù…Ù† Ø¨ÙŠÙ† ÙŠØ¯ÙŠÙŽÙ‘ ÙˆÙ…Ù† Ø®Ù„ÙÙŠ ÙˆØ¹Ù† ÙŠÙ…ÙŠÙ†ÙŠ ÙˆØ¹Ù† Ø´Ù…Ø§Ù„ÙŠ  â™»ï¸  http://du3a.org/Â 
2017-08-14 13:18:51,v4 --> Mon Aug 14 17:31:31 UTC 2017 (1) MSFT  ->  -11836.214 (2) PYPL  ->  -12356.878 (17) GOOGL  ->  -10287.589
2017-08-14 13:17:36,"Google to pay Apple $3 Billion #alphabet, #CNBC, #investmentfirm, #Bernstein, #Google, $GOOGL, #Apple, $AAPL,... http://fb.me/ardRsG8cAÂ "
2017-08-14 13:16:06,Alphabet Inc (GOOGL) Stock Is a Rare Opportunity RightÂ Now  http://www.rocketnews.com/2017/08/alphabet-inc-googl-stock-is-a-rare-opportunity-right-now/Â â€¦
2017-08-14 13:15:30,"Viking Global, a $30 billion fund manager, dumped Alphabet  http://markets.businessinsider.com/news/stocks/alphabet-google-stock-price-viking-global-sold-off-2017-8-1002256124Â â€¦ $GOOGL"
2017-08-14 13:15:07,"REAL TIME TRADE ALERTS via PRIVATE $TWTR FEED, perfect for people who have FT jobs and trade part-time! $AMZN $NTES $GOOGL $BABA $GS $FB"
2017-08-14 13:15:04,Wall St. analyst says $GOOGL to pay Apple up to $3B (or 5% of $AAPL op. profit) in 2017 to b default mobile search:  https://www.cnbc.com/2017/08/14/google-paying-apple-3-billion-to-remain-default-search--bernstein.htmlÂ â€¦
2017-08-14 13:08:44,Google Verily Unit Acquires Senosis Health  https://seekingalpha.com/article/4098698-google-verily-unit-acquires-senosis-health?source=tweetÂ â€¦ $GOOG $GOOGL
2017-08-14 13:08:22,8.14.17 Elliott Wave Updates for F.A.N.G. â€“ $FB $AMZN $NFLX $GOOGL  https://goo.gl/fb/GD2chTÂ 
2017-08-14 13:08:01,"It Honestly Doesn't Matter Which ""Google"" Share Flavor You Pick (Your $GOOGL vote doesn't count for much anyway)   https://buff.ly/2w3XYYnÂ "
2017-08-14 13:05:51,8.14.17 Elliott Wave Updates for F.A.N.G. - $FB $AMZN $NFLX $GOOGL -   http://wavegenius.com/8-14-17-elliott-wave-updates-for-f-a-n-g-fb-amzn-nflx-googl/Â â€¦
2017-08-14 13:04:04, http://smq.tc/1HZzRnEÂ  4 Keys To Mastering Short Selling by timothysykes! $NFLX $GOOGL $INTC $YELP
2017-08-14 13:03:54,v4 --> Mon Aug 14 17:16:34 UTC 2017 (1) MSFT  ->  -11836.214 (2) PYPL  ->  -12952.429 (17) GOOGL  ->  -10705.083
2017-08-14 13:02:38,"A Geezer$ Alert :  GOOG,GOOGL: Former Microsoft AI expert says why Cortana fell behindâ€¦  https://goo.gl/fb/Yu66vKÂ "
2017-08-14 13:02:33,"A Geezer$ Alert :  GOOG,GOOGL: Google Verily Unit Acquires Senosis Health  https://goo.gl/fb/h451V1Â "
2017-08-14 13:01:22,Don't miss our next FREE OPTION TRADE.  Sign up for our Daily Free Trades at  http://ow.ly/FrrF30enipZÂ  $NVDA $TSLA $GS $AAPL $BAC $GOOGL $FB
2017-08-14 12:58:57,"A Foolish Take: Google, Amazon, and Apple Still Aren't Winning This Market #stocks $AAPL, $GOOGL, $AMZN, $GOOG https://www.fool.com/investing/2017/08/14/a-foolish-take-google-amazon-and-apple-still-arent.aspxÂ â€¦"
2017-08-14 12:58:22,Former Microsoft AI expert says why Cortana fell behind Amazon's Alexa  https://seekingalpha.com/news/3289076-former-microsoft-ai-expert-says-cortana-fell-behind-amazons-alexa?source=tweetÂ â€¦ $MSFT $AMZN $GOOG $GOOGL
2017-08-14 12:51:32,"Former Microsoft AI expert says why Cortana fell behind Amazon's Alexa  https://lnkd.in/dFkNgZ9Â  $MSFT, $AMZN, $GOOG, $GOOGL"
2017-08-14 12:48:40,v4 --> Mon Aug 14 17:01:21 UTC 2017 (1) MSFT  ->  -11836.214 (2) PYPL  ->  -12778.601 (16) GOOGL  ->  -10479.567
2017-08-14 12:48:30,"Google Verily Unit Acquires Senosis Health...  https://seekingalpha.com/article/4098698?source=anshÂ â€¦ $GOOG, $GOOGL"
2017-08-14 12:48:08,Former Microsoft AI expert says why Cortana fell behind Amazon's Alexa  https://seekingalpha.com/news/3289076-former-microsoft-ai-expert-says-cortana-fell-behind-amazons-alexa?source=feed_fÂ â€¦ $MSFT $AMZN $GOOG $GOOGL
2017-08-14 12:47:42,Google Verily Unit Acquires Senosis Health  https://seekingalpha.com/article/4098698-google-verily-unit-acquires-senosis-health?source=feed_fÂ â€¦ $GOOG #GOOGLE $GOOGL
2017-08-14 12:46:55,Google Verily Unit Acquires Senosis Health  https://seekingalpha.com/article/4098698-google-verily-unit-acquires-senosis-health?source=tweetÂ â€¦ $GOOG $GOOGL
2017-08-14 12:45:13,Bernstein says Google could pay Apple $3B to remain iPhone search engine  https://seekingalpha.com/news/3289023-bernstein-says-google-pay-apple-3b-remain-iphone-search-engine?source=tweetÂ â€¦ $GOOG $GOOGL $AAPL
2017-08-14 12:43:07,Google Verily Unit Acquires Senosis Health #GOOGLE #GOOG #GOOGL #DonovanJones #UnitedStates  https://seekingalpha.com/article/4098698-google-verily-unit-acquires-senosis-healthÂ â€¦ pic.twitter.com/LvR4YOOq6W
2017-08-14 12:43:05,Google Verily Unit Acquires Senosis Health  https://seekingalpha.com/article/4098698-google-verily-unit-acquires-senosis-health?source=feed_fÂ â€¦ $GOOG #GOOGLE $GOOGL
2017-08-14 12:39:34,"6 Easiest #Jobs to Get at #Google $GOOGL, $GOOG http://www.insidermonkey.com/blog/6-easiest-jobs-to-get-at-google-594037/?utm_source=Twitter&utm_medium=Social&utm_campaign=dnanÂ â€¦"
2017-08-14 12:35:01,Google could be paying Apple up to $3B this year to keep them as their default search engine  https://buff.ly/2vUKltQÂ  $GOOGL $AAPL
2017-08-14 12:33:49,v4 --> Mon Aug 14 16:46:29 UTC 2017 (1) MSFT  ->  -11836.214 (2) PYPL  ->  -12361.594 (17) GOOGL  ->  -10417.288
2017-08-14 12:30:35,ACTIVE TRADERS Try one of these FREE trading guides:   http://ow.ly/eX1W30enipXÂ  $NFLX $TSLA $AAPL $COST $GS $FB $AMZN $GOOGL $NVDA
2017-08-14 12:30:10,$GOOGL - Google - Ñ‚Ñ€ÐµÑ‚ÑŒÑ Ð²Ð¾Ð»Ð½Ð° -  https://ru.tradingview.com/chart/GOOGL/lDq3Omzd-google-tretbya-volna/Â â€¦
2017-08-14 12:27:20,$GOOGL chart  https://www.tradingview.com/x/0pjlMC1L/Â  via  https://www.tradingview.comÂ 
2017-08-14 12:21:26,Ø£Ø³ØªØºÙØ± Ø§Ù„Ù„Ù‡ Ø§Ù„Ø¹Ø¸ÙŠÙ… ÙˆØ£ØªÙˆØ¨ Ø¥Ù„ÙŠÙ‡ â™»ï¸  http://du3a.org/Â 
2017-08-14 12:18:45,v4 --> Mon Aug 14 16:31:25 UTC 2017 (1) MSFT  ->  -11836.214 (2) PYPL  ->  -12361.594 (16) GOOGL  ->  -10146.874
2017-08-14 12:16:30,Monday Morning #ReliefRally $NVDA $TSLA $FB $AAPL $AMZN $MSFT $GOOGL $C $JPM $BAC $ITA #AeroSpace & #Defense $XLK Tech
2017-08-14 12:16:18,$GOOGL $UVXY $AMZN $CMG  - New recommendations from The Grim Contango at   https://www.stockhoot.com/ExtAnalyst.aspx?id=e0844f4c-c019-4b01-8a3a-254a20feaae1&srid=0c5bdf08-6e20-4655-adfd-1e08fd8dabd1&from=StockTwitsÂ â€¦
2017-08-14 12:13:42,Google now working with BlackBerry to be #GDPR compliant. $BBRY $GOOGL $AAPL $MSFT $AMZN $FB  http://ow.ly/eemE30bFgBMÂ  #GDPR https://twitter.com/UKAdata4good/status/897117362578755584Â â€¦
2017-08-14 12:13:00,Google now working with BlackBerry to be #GDPR compliant. $BBRY $GOOGL $AAPL $MSFT $AMZN $FB  http://ow.ly/eemE30bFgBMÂ  #GDPR https://twitter.com/GrBhamChambers/status/893023270533988352Â â€¦
2017-08-14 12:12:43,RT AlexisKSanders: Research Blog:Harness the Power of Machine Learning in Your Browser with Deeplearn.js  http://research.googleblog.com/2017/08/harness-power-of-machine-learning-in.htmlÂ â€¦ via googlâ€¦
2017-08-14 12:11:35,"It Honestly Doesn't Matter Which ""Google"" Share Flavor You Pick (Your $GOOGL vote doesn't count for much anyway)   https://buff.ly/2umRWl7Â "
2017-08-14 12:10:44,Bernstein says Google could pay Apple $3B to remain iPhone search engine  https://seekingalpha.com/news/3289023-bernstein-says-google-pay-apple-3b-remain-iphone-search-engine?source=tweetÂ â€¦ $GOOG $GOOGL $AAPL
2017-08-14 12:08:33,Google - Ñ‚Ñ€ÐµÑ‚ÑŒÑ Ð²Ð¾Ð»Ð½Ð° $GOOGL  http://ru.tradingview.com/chart/GOOGL/lDq3Omzd-google-tretbya-volna/Â â€¦ TV_TradingIdeas
2017-08-14 12:05:59,$QQQ Top 10 Holdings Weigh 52.10% $AAPL $MSFT $AMZN $FB $GOOG $GOOGL $CMCSA $INTC $CSCO $AMGN  https://marketchameleon.com/Overview/QQQ/ETFProfile/Â â€¦
2017-08-14 12:05:56,Google's Casualties: Is There A Corporate-State Conspiracy To Censor Progressive Websites? |  The upgrade to Googlâ€¦  http://ift.tt/2wJ8Jw2Â 
2017-08-14 12:03:49,v4 --> Mon Aug 14 16:16:29 UTC 2017 (1) MSFT  ->  -11836.214 (2) PYPL  ->  -12361.594 (16) GOOGL  ->  -10146.966
2017-08-14 12:03:41,Google - Ñ‚Ñ€ÐµÑ‚ÑŒÑ Ð²Ð¾Ð»Ð½Ð° $GOOGL  http://ru.tradingview.com/chart/GOOGL/lDq3Omzd-google-tretbya-volna/Â â€¦
2017-08-14 12:00:42,Don't miss our next FREE OPTION TRADE.  Sign up for our Daily Free Trades at  http://ow.ly/kHUi30enipUÂ  $NVDA $TSLA $GS $GILD $IBB $GOOGL $FB
2017-08-14 12:00:13,"Podcast: Microsoft Surface And Consumer Reports, Nvidia Earnings, Google Diversity Memo  https://seekingalpha.com/article/4098452-podcast-microsoft-surface-consumer-reports-nvidia-earnings-google-diversity-memo?source=tweetÂ â€¦ $MSFT $NVDA $GOOG $GOOGL"
2017-08-14 11:59:07,googl/5sLc89  #OpKillingBay #ALieToldOftenEnoughBecomesTheTruth
2017-08-14 11:59:06,Who do I have to pay off to get GOOGL to 950 by Friday?
2017-08-14 11:59:03,Google - bullish impulse $GOOGL  http://www.tradingview.com/chart/GOOGL/DKBGN8Re-Google-bullish-impulse/Â â€¦ TV_TradingIdeas
2017-08-14 11:58:39,"Google may have paid Apple $3 billion to remain the iPhoneâ€™s default search engine (AAPL, GOOG,Â GOOGL)  http://doyeltimes.com/technology-news/google-may-have-paid-apple-3-billion-to-remain-the-iphones-default-search-engine-aapl-goog-googl/Â â€¦"
2017-08-14 11:51:53,Google - bullish impulse $GOOGL  http://www.tradingview.com/chart/GOOGL/DKBGN8Re-Google-bullish-impulse/Â â€¦
2017-08-14 11:50:52,"$GOOGL serious resistance here.  H! = inside, inside, inside  https://www.tradingview.com/x/31ilvFLa/Â  via  https://www.tradingview.comÂ "
2017-08-14 11:48:44,Google now working with BlackBerry to be #GDPR compliant. $BBRY $GOOGL $AAPL $MSFT $AMZN $FB  http://ow.ly/eemE30bFgBMÂ  #GDPR https://twitter.com/lukOlejnik/status/896986436062392320Â â€¦
2017-08-14 11:48:42,v4 --> Mon Aug 14 16:01:22 UTC 2017 (1) MSFT  ->  -11836.214 (2) PYPL  ->  -12625.446 (19) GOOGL  ->  -11042.331
2017-08-14 11:48:33,Google now working with BlackBerry to be #GDPR compliant. $BBRY $GOOGL $AAPL $MSFT $AMZN $FB  http://ow.ly/eemE30bFgBMÂ  #GDPR https://twitter.com/GDPR_Coalition/status/897069612512292864Â â€¦
2017-08-14 11:46:19,"Google may have paid Apple $3 billion to remain the iPhone's default search engine (AAPL, GOOG, GOOGL): .. #tech  http://dld.bz/fZKQdÂ "
2017-08-14 11:45:36,GOOGL - Alphabet Inc (GOOGL) Buys Healthcare Startup Senosis  http://ow.ly/mFtF50dqZphÂ 
2017-08-14 11:45:09,"REAL TIME TRADE ALERTS via PRIVATE $TWTR FEED, perfect for people who have FT jobs and trade part-time! $AMZN $NFLX $GOOGL $CMG $GS $FB"
2017-08-14 11:45:07,Google now working with BlackBerry to be #GDPR compliant. $BBRY $GOOGL $AAPL $MSFT $AMZN $FB  http://ow.ly/eemE30bFgBMÂ  #GDPR https://twitter.com/PaulNemitz/status/896318894750695425Â â€¦
2017-08-14 11:40:52,AMZN / GOOGL still trying but someone took the sugar water away for sure.
2017-08-14 11:38:14,WatchGoogle: RT GoogleForEdu: Invite your fellow teachers & join us live on YouTube tomorrow to learn about #Googlâ€¦  http://bit.ly/2w6nDyKÂ 
2017-08-14 11:33:41,v4 --> Mon Aug 14 15:46:21 UTC 2017 (1) MSFT  ->  -11836.214 (1) PYPL  ->  -11913.492 (19) GOOGL  ->  -11042.331
2017-08-14 11:33:08,I tweeted out my longs in real time. $GOOGL $AMZN $TNA near 30 RSI
2017-08-14 11:33:01,"Which Of These FAANG Predictions Come True By Sep 1?  https://buff.ly/2w3vuxIÂ  $FB>$170 $AAPL<$160 $AMZN<$1,000 $NFLX<$180 $GOOGL<$1,000"
2017-08-14 11:32:48,GOOGL +7.22 total advance today 11:25 ET. Alphabet Class A $GOOGL 937.31 Stock hit a High of 941.04 and 934.50  https://investorshangout.com/post/view?id=4695758Â â€¦
2017-08-14 11:32:00,Ø§Ù„Ù„Ù‡Ù… Ù‚Ù†ÙŠ Ø¹Ø°Ø§Ø¨Ùƒ ÙŠÙˆÙ… ØªØ¨Ø¹Ø« Ø¹Ø¨Ø§Ø¯Ùƒ â™»ï¸  http://du3a.org/Â 
2017-08-14 11:30:21,ACTIVE TRADERS Try one of these FREE trading guides:   http://ow.ly/22e730enipTÂ  $NFLX $TSLA $AAPL $WMT $GS $FB $AMZN $GOOGL $NVDA
2017-08-14 11:29:54,"GOOGL Gapped up +5.71 $GOOGL Last Price 937.31 Day High 941.04 Day Low 934.48 Change +7.22 Volume 440,163 Toda  https://investorshangout.com/post/view?id=4695711Â â€¦"
2017-08-14 11:27:09,Alphabet Inc (GOOGL) Stock Is a Rare Opportunity Right Now  http://zpr.io/PVkF2Â 
2017-08-14 11:25:11,Free Trials--It's a stock-pickers market again. Recent winners include $NFLX $YELP $AAPL $TSLA $GOOGL $BABA
2017-08-14 11:24:50,A good deal for $GOOGL w/ $AAPL #HomePod RT Bernstein says Google could pay Apple $3B to remain iPhone search engine https://seekingalpha.com/news/3289023-bernstein-says-google-pay-apple-3b-remain-iphone-search-engineÂ â€¦
2017-08-14 11:22:48,Alphabet Inc. (NASDAQ:GOOGL) Stake Lowered by Sterling Investment Management Inc. #AlphabetInc #Nasdaq  http://ift.tt/2w6dcenÂ 
2017-08-14 11:22:03,"Another balanced portfolio, 40%+ yield, tech stocks and optns  http://bit.ly/140817GOOGLÂ  $GOOG $GOOGL $ADBE $NVDA $MA pic.twitter.com/bodqJfvloR"
2017-08-14 11:18:54,v4 --> Mon Aug 14 15:31:34 UTC 2017 (1) MSFT  ->  -11836.214 (1) PYPL  ->  -11636.896 (18) GOOGL  ->  -10824.774
2017-08-14 11:15:58,"Google may have paid Apple $3 billion to remain the iPhone's default search engine (AAPL, GOOG, GOOGL)  http://www.15minutenews.com/article/128614837/google-may-have-paid-apple-3-billion-to-remain-the-iphones-default-search-engine-aapl-goog-googl/Â â€¦ #Business"
2017-08-14 11:15:08,NOW OFFERING 7 Day FREE Trial to  options day trading team Room or $TWTR feed   http://ow.ly/l3E730eniRLÂ  $PCLN $AAPL $NFLX $TSLA $AMZN $GOOGL
2017-08-14 11:15:02,Can M&A Snap The Pain Away? >  http://j.mp/2wXoCOKÂ  < [#alphabet #googl #m&a #technology] pic.twitter.com/NusQj3wPM8
2017-08-14 11:11:51,EOP Option Trade of the Day     http://mailchi.mp/exactoptionpicks/eop-option-trade-of-the-day-x22ctmbkbzÂ â€¦ $YELP $TWTR $FB $SNAP $GOOGL $AMZN
2017-08-14 11:10:09,Alphabet Inc (GOOGL) Buys Healthcare Startup Senosis  http://ift.tt/2wXzn3NÂ 
2017-08-14 11:08:32,"Google may have paid Apple $3 billion to remain the iPhone's default search engine (AAPL, GOOG, GOOGL)  http://ift.tt/2w6QPp6Â "
2017-08-14 11:08:20,$GOOGL looks weak to me in context of other moves
2017-08-14 11:07:12,"$LET, $GOGL...nice today. Not googl"
2017-08-14 11:06:01,"Is Google Being Hypocritical Regarding Its ""Diversity"" And ""Inclusion"" Initiatives?    https://buff.ly/2vxeu1qÂ  $GOOG $GOOGL"
2017-08-14 11:03:58,v4 --> Mon Aug 14 15:16:38 UTC 2017 (1) MSFT  ->  -11836.214 (1) PYPL  ->  -11636.896 (19) GOOGL  ->  -11160.873
2017-08-14 11:00:59,Don't miss our next FREE OPTION TRADE.  Sign up for our Daily Free Trades at  http://ow.ly/F7DU30enipSÂ  $NVDA $TSLA $GS $GILD $WFM $GOOGL $FB
2017-08-14 11:00:05,"GOOGL Gapped up +5.71 $GOOGL Last Price 940.06 Day High 941.04 Day Low 934.50 Change +9.97 Volume 371,114 Toda  https://investorshangout.com/post/view?id=4695550Â â€¦"
2017-08-14 10:59:49,GOOGL +9.97 total advance today 10:56 ET. Alphabet Class A $GOOGL 940.06 Stock hit a High of 941.04 and 934.48  https://investorshangout.com/post/view?id=4695546Â â€¦
2017-08-14 10:59:23,Google workers criticize employee's memo on #diversity $GOOGL  https://hedgeaccordingly.com/2017/08/google-workers-criticize-employees-memo-on-diversity-googl.html?utm_source=ReviveOldPost&utm_medium=social&utm_campaign=ReviveOldPostÂ â€¦ #tech
2017-08-14 10:58:49,"I may be an outlier here but I believe that within the next decade, $GOOGL will earn more revenues from HealthTech than Search/Advertising."
2017-08-14 10:58:30,Ø§Ù„Ù„Ù‡Ù… Ø§Ù‡Ø¯Ù†ÙŠ ÙÙŠÙ…Ù† Ù‡Ø¯ÙŠØª ÙˆØ¹Ø§ÙÙ†ÙŠ ÙÙŠÙ…Ù† Ø¹Ø§ÙÙŠØª ÙˆØªÙˆÙ„Ù†ÙŠ ÙÙŠÙ…Ù† ØªÙˆÙ„ÙŠØª â™»ï¸  http://du3a.org/Â 
2017-08-14 10:58:18,This is one of the most relevant news about $AAPL $GOOGL now. Bernstein says Google could pay Apple $3B to remai...  https://seekingalpha.com/news/3289023-bernstein-says-google-pay-apple-3b-remain-iphone-search-engine?source=tweetÂ â€¦
2017-08-14 10:57:11,"Google may have paid Apple $3 billion to remain the iPhone's default search engine (AAPL, GOOG, GOOGL)  http://ift.tt/2vCwu98Â "
2017-08-14 10:55:17,"Google may have paid $3 billion to remain the iPhone's default search engine (AAPL, GOOG, GOOGL)  http://ift.tt/2wXzigwÂ "
2017-08-14 10:54:39,.@pandodaily's @sarahcuda on Damore's memo: The people inside Google that support it show a disturbed company culture. #CheddarLIVE $GOOGL  pic.twitter.com/LlRa6sBjmH
2017-08-14 10:51:59,"Google may have paid $3 billion to remain the iPhone's default search engine (AAPL, GOOG, GOOGL)  http://ift.tt/2wXzigwÂ "
2017-08-14 10:51:41," http://ift.tt/2wXzigwÂ  Google may have paid $3 billion to remain the iPhone's default search engine (AAPL, GOOG, GOOGL)  pic.twitter.com/moU6UPdT3n"
2017-08-14 10:51:36,"Google may have paid $3 billion to remain the iPhone's default search engine (AAPL, GOOG, GOOGL)  http://ift.tt/2wXzigwÂ  #interesting"
2017-08-14 10:51:33,"Which Of These FAANG Predictions Come True By Sep 1?  https://buff.ly/2uCBA7SÂ  $FB>$170 $AAPL<$160 $AMZN<$1,000 $NFLX<$180 $GOOGL<$1,000"
2017-08-14 10:51:31,"Google may have paid $3 billion to remain the iPhone's default search engine (AAPL, GOOG, GOOGL)  http://read.bi/2vC3I8mÂ  pic.twitter.com/M39V5okyCD"
2017-08-14 10:51:14,"Google may have paid $3 billion to remain the iPhone's default search engine (AAPL, GOOG, GOOGL)  http://ift.tt/2wXzigwÂ  Kif Leswing"
2017-08-14 10:51:12,"""Google may have paid $3 billion to remain the iPhone's default search engine (AAPL, GOOG, GOOGL)""  http://ift.tt/2wXzigwÂ "
2017-08-14 10:51:05,"Google may have paid $3 billion to remain the iPhone's default search engine (AAPL, GOOG, GOOGL)  http://ift.tt/2wXzigwÂ "
2017-08-14 10:50:58,"10 Things To Know. Google may have paid $3 billion to remain the iPhone's default search engine (AAPL, GOOG, GOOGL)  http://ift.tt/2wXzigwÂ "
2017-08-14 10:50:54,$GOOGL 950 c's 2.30
2017-08-14 10:50:51,"Google may have paid $3 billion to remain the iPhone's default search engine (AAPL, GOOG, GOOGL)  pic.twitter.com/YXJhspy9R7"
2017-08-14 10:50:42,"Google may have paid $3 billion to remain the iPhone's default search engine (AAPL, GOOG, GOOGL)  http://read.bi/2hZYsrUÂ "
2017-08-14 10:50:26,"Google may have paid $3 billion to remain the iPhone's default search engine (AAPL, GOOG, GOOGL)  http://dlvr.it/Pf0g8GÂ  pic.twitter.com/HP7ncvUKJV"
2017-08-14 10:50:13,"Google may have paid $3 billion to remain the iPhone's default search engine (AAPL, GOOG, GOOGL)  http://ift.tt/2wXzigwÂ "
2017-08-14 10:50:13,"Google may have paid $3 billion to remain the iPhone's default search engine (AAPL, GOOG, GOOGL)  http://ift.tt/2wXzigwÂ  johnangel1977"
2017-08-14 10:49:19,"Google may have paid $3 billion to remain the iPhone's default search engine (AAPL, GOOG, GOOGL)  http://ift.tt/2uGMPIyÂ "
2017-08-14 10:49:05,"Google may have paid $3 billion to remain the iPhone's default search engine (AAPL, GOOG, GOOGL)  http://read.bi/2vC3I8mÂ  pic.twitter.com/SmLtAC8qF0"
2017-08-14 10:48:50,v4 --> Mon Aug 14 15:01:30 UTC 2017 (1) MSFT  ->  -11836.214 (1) PYPL  ->  -11636.896 (19) GOOGL  ->  -11160.825
2017-08-14 10:48:44,"#think:""Google may have paid $3 billion to remain the iPhone's default search engine (AAPL, GOOG, GOOGL)""  http://read.bi/2fFGoToÂ "
2017-08-14 10:48:34,"Google may have paid $3 billion to remain the iPhone's default search engine (AAPL, GOOG, GOOGL)  http://ift.tt/2uGMPIyÂ  pic.twitter.com/YARXkZGRdD"
2017-08-14 10:48:28,"New post: ""Google may have paid $3 billion to remain the iPhone's default search engine (AAPL, GOOG, GOOGL)""  http://ift.tt/2wXzigwÂ "
2017-08-14 10:47:38,"Ð¯ Ð¿Ð¾ Ð’Ð°ÑˆÐµÐ¹ Ð¶Ðµ Ñ„Ð¾Ñ‚Ð¾Ð³Ñ€Ð°Ñ„Ð¸Ð¸ Ð¿Ð¾ÑÐ¼Ð¾Ñ‚Ñ€ÐµÐ»Ð° Ð² GOOGL,Ð¸Ð½Ñ„Ð¾Ñ€Ð¼Ð°Ñ†Ð¸Ñ Ð¸ÑŽÐ½ÑŒ 2017Ð³"
2017-08-14 10:47:25,"Google may have paid $3 billion to remain the iPhone's default search engine (AAPL, GOOG, GOOGL)  http://ift.tt/2wXzigwÂ "
2017-08-14 10:47:17,"Google may have paid $3 billion to remain the iPhone's default search engine (AAPL, GOOG, GOOGL)  http://ift.tt/2uGMPIyÂ  #pymes #business â€¦"
2017-08-14 10:46:17,"""Google may have paid $3 billion to remain the iPhone's default search engine (AAPL, GOOG, GOOGL)"" by Kif Leswing via Feedburner â€¦"
2017-08-14 10:45:47,"Google may have paid $3 billion to remain the iPhone's default search engine (AAPL, GOOG, GOOGL) â€¦  http://ift.tt/eA8V8JÂ "
2017-08-14 10:44:43,"Google may have paid $3 billion to remain the iPhone's default search engine (AAPL, GOOG, GOOGL)  http://read.bi/2hXUJv8Â "
2017-08-14 10:41:15,"A Geezer$ Alert :  GOOG,GOOGL: Bernstein says Google could pay Apple $3B to remain iPhoneâ€¦  https://goo.gl/fb/UGs1ofÂ "
2017-08-14 10:40:15,$GOOGL has the inverted H&S look going back to late Apr gap up... poised for big move this wk... FRI targ 965
2017-08-14 10:39:44,"Is Google Being Hypocritical Regarding Its ""Diversity"" And ""Inclusion"" Initiatives?    https://buff.ly/2ulo7xaÂ  $GOOG $GOOGL"
2017-08-14 10:39:05,The Most Compelling FANG Stock Delivers  https://seekingalpha.com/article/4098635-compelling-fang-stock-delivers?source=feed_fÂ â€¦ $AMZN $GOOG $NFLX $SNAP $GOOGL $FB
2017-08-14 10:38:15,"$GOOGL Google goes deeper into health analytics, buys Seattle-based startup Senosis.  https://stocknews.com/news/googl-alphabet-inc-googl-buys-healthcare-startup-senosis/Â â€¦"
2017-08-14 10:38:07,The Most Compelling FANG Stock Delivers #AMZN #GOOG #NFLX #SNAP #GOOGL #FB #NoahKiedrowski  https://seekingalpha.com/article/4098635-compelling-fang-stock-deliversÂ â€¦ pic.twitter.com/sHJdIhLVyR
2017-08-14 10:38:05,The Most Compelling FANG Stock Delivers  https://seekingalpha.com/article/4098635-compelling-fang-stock-delivers?source=feed_fÂ â€¦ $AMZN $GOOG $NFLX $SNAP $GOOGL $FB
2017-08-14 10:33:57,v4 --> Mon Aug 14 14:46:37 UTC 2017 (1) MSFT  ->  -11836.214 (1) PYPL  ->  -8546.174 (18) GOOGL  ->  -9913.017
2017-08-14 10:31:28,"3 ways machine learning will improve your marketing  http://ift.tt/2uHabhhÂ  SAN FRANCISCO -- ""I'm not from the future, I'm just from Googlâ€¦"
2017-08-14 10:30:18,ACTIVE TRADERS Try one of these FREE trading guides:   http://ow.ly/Blfz30enipRÂ  $NFLX $TSLA $AAPL $WFM $GS $FB $AMZN $GOOGL $NVDA
2017-08-14 10:28:58,"Bernstein says Google could pay Apple $3B to remain iPhone search engine  https://seekingalpha.com/news/3289023?source=anshÂ â€¦ $GOOG, $GOOGL, $AAPL"
2017-08-14 10:26:24,Access the Live Trading Room for Cheap.   Discounted Rate Today. Check it @  http://bit.ly/2gxgyg4Â  $AAPL $TSLA $GOOGL $NFLX $SNAP
2017-08-14 10:25:59,The biggest SEO myth is that if you buy ads you'll rank higher on Googl:  (Google Webmasters)
2017-08-14 10:24:21,"'illion' with a ""B""! Bernstein says Google could pay Apple $3B to remain iPhone search engine $GOOG $GOOGL $AAPL  http://www.seekingalpha.com/news/3289023Â "
2017-08-14 10:22:42,Bernstein says Google could pay Apple $3B to remain iPhone search engine $GOOG $GOOGL $AAPL  http://www.seekingalpha.com/news/3289023Â 
2017-08-14 10:18:44,v4 --> Mon Aug 14 14:31:24 UTC 2017 (1) MSFT  ->  -11834.659 (1) PYPL  ->  -8546.174 (17) GOOGL  ->  -9719.181
2017-08-14 10:15:08,"REAL TIME TRADE ALERTS via PRIVATE $TWTR FEED, perfect for people who have FT jobs and trade part-time! $AMZN $NFLX $GOOGL $BIDU $GS $FB"
2017-08-14 10:14:28,So far this reaction rally is not looking very convincing! $FB $GOOGL $AMZN even struggle to clear their 10d SMA. Stay alert!
2017-08-14 10:12:02,Bernstein says Google could pay Apple $3B to remain iPhone search engine #AAPL #AppleInc. $GOOG $GOOGL $AAPL #wlst  https://seekingalpha.com/news/3289023-bernstein-says-google-pay-apple-3b-remain-iphone-search-engineÂ â€¦
2017-08-14 10:11:57,Bernstein says Google could pay Apple $3B to remain iPhone search engine  https://seekingalpha.com/news/3289023-bernstein-says-google-pay-apple-3b-remain-iphone-search-engine?source=feed_fÂ â€¦ $GOOG $GOOGL $AAPL
2017-08-14 10:03:51,v4 --> Mon Aug 14 14:16:31 UTC 2017 (2) MSFT  ->  -12764.057 (1) PYPL  ->  -8546.174 (18) GOOGL  ->  -9914.038
2017-08-14 10:02:01,All You Need To Know About The Upcoming Dropbox IPO $BOX $GOOG $GOOGL  https://amigobulls.com/articles/2017-08-14-all-you-need-to-know-about-upcoming-dropbox-ipoÂ â€¦
2017-08-14 10:01:12,"Internet censorship prohibites $GOOGL and $FB, China ðŸ‡¨ðŸ‡³  doesn't want its masses to be influenced by the U.S.  #CheddarLIVE"
2017-08-14 10:01:12,Don't miss our next FREE OPTION TRADE.  Sign up for our Daily Free Trades at  http://ow.ly/48fR30enipQÂ  $NVDA $TSLA $GS $NFLX $BAC $GOOGL $FB
2017-08-14 10:01:04,Mana para penggila film BOKEP ? Nih pasang aplikasi RIBUAN film bokep di  https://googl/lGlCtR Sebarkan ke temen2 yang lain ya!!!
2017-08-14 10:00:17,"625,000 new use;s on.Googl.+ every daye (source: AllTwitter)"
2017-08-14 09:57:00,$AAPL $FB $GOOGL $NKE $MSFT $AMZN trade 4x-40x book value with that multiple $SNE #SONY should trade btw $80 to $800 pic.twitter.com/ZAB9EvDzUb
2017-08-14 09:55:31,MKM Partners Reiterates Buy Rating for Alphabet Inc. $GOOGL  http://ift.tt/2fFNQh9Â 
2017-08-14 09:54:59,googl
2017-08-14 09:54:04,Can M&A Snap The Pain Away? >  http://j.mp/2wXdBgiÂ  < [#alphabet #googl #m&a #technology] pic.twitter.com/RxUmh7KLZC
2017-08-14 09:52:44,Tech bouncing hard today... $FB $AMZN $NVDA $GOOGL
2017-08-14 09:48:42,v4 --> Mon Aug 14 14:01:22 UTC 2017 (1) MSFT  ->  -13693.454 (1) PYPL  ->  -8546.174 (17) GOOGL  ->  -9604.261
2017-08-14 09:48:36,"Retirement Portfolio: Â 3 Strategies, Which One Is Right For You?  https://seekingalpha.com/article/4097933-retirement-portfolio-3-strategies-one-right?source=tweetÂ â€¦ $AMZN $BND $EEM $EVT $FB $FFC $GOOGL $HD $IYR"
2017-08-14 09:48:15,Why people trust $APPL with their #healthdata more than $GOOGL or $AMZN. #personalData by @chrissyfarr http://fb.me/vrUC9ffTÂ 
2017-08-14 09:48:13,Ù…Ù† ÙƒØ§Ù† Ø¢Ø®Ø± ÙƒÙ„Ø§Ù…Ù‡ Ù„Ø§ Ø¥Ù„Ù‡ Ø¥Ù„Ø§ Ø§Ù„Ù„Ù‡ Ø¯Ø®Ù„ Ø§Ù„Ø¬Ù†Ø© â™»ï¸  http://du3a.org/Â 
2017-08-14 09:45:38,GOOGL - Alphabet Inc (GOOGL) Stock Is a Rare Opportunity Right Now  http://ow.ly/5sac50dqT72Â 
2017-08-14 09:45:38,GOOGL - Can M&A Snap The Pain Away? - Can M&A Snap The Pain Away? Seeking Alpha - 1 hour ago There had been rum...  http://ow.ly/fYJn50dqT73Â 
2017-08-14 09:45:07,NOW OFFERING 7 Day FREE Trial to  options day trading team Room or $TWTR feed   http://ow.ly/5RVU30eniRIÂ  $SPY $AAPL $NFLX $TSLA $AMZN $GOOGL
2017-08-14 09:43:35,Thenks googl
2017-08-14 09:39:51,I told you all about $AMZN and $GOOGL will be nice last week cool
2017-08-14 09:33:53,v4 --> Mon Aug 14 13:46:33 UTC 2017 (1) MSFT  ->  -13693.454 (1) PYPL  ->  -8538.886 (16) GOOGL  ->  -9670.414 (9) AAPL  ->  -10970.499
2017-08-14 09:30:27,ACTIVE TRADERS Try one of these FREE trading guides:   http://ow.ly/WX5230enipPÂ  $NFLX $TSLA $AAPL $BABA $AMD $GS $FB $AMZN $GOOGL $NVDA
2017-08-14 09:23:55,#Alphabet Is a Rare Opportunity Right Now $GOOGL $GOOG http://investorplace.com/2017/08/alphabet-inc-googl-stock-is-a-rare-opportunity-right-now/Â â€¦
2017-08-14 09:23:27,ÐºÐ°ÐºÐ¾Ð¹ Ð°Ð´Ñ€ÐµÑ Ð½Ð° Ð¿Ð¾Ð´Ð¿Ð¸ÑÐºÑƒ Ð² Googl ÐºÐ¾ÑÐ¼Ð¸Ñ‡ÐµÑÐºÐ¸Ñ… ÐºÐ°Ñ€Ñ‚ Ð—ÐµÐ¼Ð»Ð¸?
2017-08-14 09:22:37,"Not exactly true:  https://stackoverflow.com/a/31222689Â   Just googl'd that up, because I just realised that too."
2017-08-14 09:18:52,v4 --> Mon Aug 14 13:31:32 UTC 2017 (1) MSFT  ->  -13693.454 (1) PYPL  ->  -8538.886 (17) GOOGL  ->  -10168.573
2017-08-14 09:18:17,googl ã®ç¿»è¨³ã‚¢ãƒ—ãƒªã§ã€€ã¶ã£ã‹ã‘ã†ã©ã‚“ã‚’è¨³ã—ãŸã‚‰ã€€Bukkakeã€€Noodleã€€ã¨å‡ºã¦ããŸã€‚ã€€æ„å‘³ãŒãŠã‹ã—ã„ã€‚ã€€è‹±èªžã§Bukkakeã€€ã¯ã€Œç²¾å­ã‚’ã¶ã£ã‹ã‘ã‚‹ã€ã€€æ„å‘³ã§ Bukkakeã€€Noodleã€€ã¯ã€€ç²¾å­ã‚’ã¶ã£ã‹ã‘ãŸã€€ã†ã©ã‚“ã€ãã‚“ãªã‚‚ã®é£Ÿã„ãŸããªã„
2017-08-14 09:15:08,"If youâ€™re not making money in this market & want consistency, try our team  http://ow.ly/gCWr30eniRHÂ  $FB $NFLX $AMZN $AMD $TSLA $AAPL $GOOGL"
2017-08-14 09:09:09,There has been a quiet correction going on since tech earnings began AMZN GOOGL NVDA MSFT all 10% off highs Transports IWM
2017-08-14 09:05:59,Perfect mobile massager now on Google Play !! Super hard vibration !!  https://play.googl #ãƒã‚¤ãƒ– #ãƒã‚¤ãƒ–ãƒ¬ãƒ¼ã‚¿ãƒ¼ #ãƒžãƒƒã‚µãƒ¼ã‚¸
2017-08-14 09:05:40,"#Twitter #Googl #USA #NZ - - We pay to launch YOUR business using magic, changing Splash Pages:  http://bit.ly/2tdX8XqÂ  pic.twitter.com/exZaS4UlzB"
2017-08-14 09:03:53,v4 --> Mon Aug 14 13:16:33 UTC 2017 (1) MSFT  ->  -13693.454 (1) PYPL  ->  -8538.886 (17) GOOGL  ->  -10168.573
2017-08-14 09:01:33,Don't miss our next FREE OPTION TRADE.  Sign up for our Daily Free Trades at  http://ow.ly/NoVp30enipOÂ  $NVDA $TSLA $GS $GILD $BABA $GOOGL $FB
2017-08-14 09:00:03,FIVE MINUTE TRADES ON WATCH -   http://www.tradewithjoe.com/trading-the-opening-five-minute-candle/Â â€¦ $NFLX $SPY $IWM $VIX $UVXY $SVXY $TSLA $FB $AMZN $GOOGL $BABA $BIDU $IWM $QQQ $PCLN
2017-08-14 08:54:35,if you want to discover the best trade ideas for the day...use this  http://bit.ly/2v2fzhWÂ  $GOOGL $AMD $ATVI
2017-08-14 08:53:00,Managing risk is what will lead to greater profitability - here are 3 ways. #trading $AAPL $FB $NFLX $GOOGL $AMZN http://bit.ly/2kVj41HÂ 
2017-08-14 08:47:35,v4 --> Mon Aug 14 13:00:15 UTC 2017 (2) PYPL  ->  -8076.715 (2) MSFT  ->  -10692.692 (42) GOOGL  ->  -10735.583
2017-08-14 08:47:22," http://lendingalpha.comÂ  | ""No reason why you wouldn't consider these names for Investment: Alphabet Inc. (GOOGL .â€¦  http://ift.tt/2w3r4XJÂ "
2017-08-14 08:46:42,New Alphabet Inc (GOOGL) Waymo Patent Aims To Make Car Crashes Safer  http://ow.ly/ZGIk50dqQeuÂ 
2017-08-14 08:45:07,"REAL TIME TRADE ALERTS via PRIVATE $TWTR FEED, perfect for people who have FT jobs and trade part-time! $AMZN $NFLX $GOOGL $BABA $GS $FB"
2017-08-14 08:44:15,Can M&A Snap The Pain Away?  https://seekingalpha.com/article/4098599-can-m-snap-pain-away?source=feed_fÂ â€¦ $FB $GOOGL $SNAP
2017-08-14 08:42:18,Can M&A Snap The Pain Away? #FB #GOOGL #SNAP #TheKnifeCatcher #UnitedStates #MacroView $FB  https://seekingalpha.com/article/4098599-can-m-snap-pain-awayÂ â€¦ pic.twitter.com/bQi4aTCS60
2017-08-14 08:42:15,Can M&A Snap The Pain Away?  https://seekingalpha.com/article/4098599-can-m-snap-pain-away?source=feed_fÂ â€¦ $FB $GOOGL $SNAP
2017-08-14 08:41:40,Short sellers target high-flying US technology stocks  https://www.ft.com/content/55a0b316-7edd-11e7-9108-edda0bcbc928Â â€¦ via @FT: #tech $GOOGL $GOOG $AAPL $NFLX
2017-08-14 08:41:30,Ø§Ù„Ù„Ù‡Ù… Ø¥Ù†ÙŠ Ø£Ø³Ø£Ù„Ùƒ Ø¹Ù„Ù…Ø§Ù‹ Ù†Ø§ÙØ¹Ø§Ù‹ ÙˆØ±Ø²Ù‚Ø§Ù‹ Ø·ÙŠØ¨Ø§Ù‹ ÙˆØ¹Ù…Ù„Ø§Ù‹ Ù…ØªÙ‚Ø¨Ù„ â™»ï¸  http://du3a.org/Â 
2017-08-14 08:41:21,"Exactly, He was fired for having a viewpoint that GOOGL viewed as  politically incorrect."
2017-08-14 08:33:53,I see nice candle above 5ma in hour chart are: $AAPL $NFLX $BABA $FB $GOOGL $AMZN $TSLA $DIS $TWTR $JPM $WYNN $AMD $GLD
2017-08-14 08:33:09,Googl play c est play jeu hein!
2017-08-14 08:31:26,Google announces updates to Cloud Speech API #GOOG #AlphabetInc. $GOOG $GOOGL  http://wlst.comÂ  https://seekingalpha.com/news/3288904Â 
2017-08-14 08:31:24,"Google announces updates to Cloud Speech API...  https://seekingalpha.com/news/3288904?source=anshÂ â€¦ $GOOG, $GOOGL"
2017-08-14 08:30:13,ACTIVE TRADERS Try one of these FREE trading guides:   http://ow.ly/tDv030enipMÂ  $NFLX $TSLA $AAPL $JPM $GS $FB $AMZN $GOOGL $NVDA
2017-08-14 08:28:12,A Geezer$ Alert :  GOOGL: Can M&A Snap The Pain Away?  https://goo.gl/fb/7nSQHpÂ 
2017-08-14 08:28:08,"$DIS, $NFLX, $CMCSA, $GDDY, $NTDOY, $GOOGL  http://wire.kapitall.com/investment-idea/the-morning-hype-condemn-hate-always-netflix-steals-shonda-rhimes-away-from-disney-and-google-wants-to-get-rid-of-visible-urls/Â â€¦"
2017-08-14 08:26:30,GOOGL got crushed in 2006 when barrons ran a bearish cover story
2017-08-14 08:25:07,$GOOGL #SEO #SearchEngineOptimization #bots #like #retweeting from  http://www.ironbcg.comÂ  $iyr $aig #FridayFeeling
2017-08-14 08:22:53,Good recon from @Sarge986 as usual $AAPL $FB $INTC $GOOGL $TSLA $JD http://stocktwits.com/KevinBCook/message/91947278Â â€¦
2017-08-14 08:20:11,$GOOGL #SEO #SearchEngineOptimization #bots #like #retweeting from  http://www.ironbcg.comÂ  $iyr $aig #FridayFeeling
2017-08-14 08:15:06,NOW OFFERING 7 Day FREE Trial to  options day trading team Room or $TWTR feed   http://ow.ly/sbn930eniREÂ  $AGN $AAPL $NFLX $TSLA $AMZN $GOOGL
2017-08-14 08:14:36,RT 0nlineM4rketing: The Positive Effects of SEO on Branding  http://bit.ly/2jr0cKqÂ  <--- Read #SEO #Search #Googlâ€¦  http://bit.ly/2jT4rLAÂ 
2017-08-14 08:10:36,I stepped in & bought the dip in $GOOGL $AMZN & $TNA last week like.... pic.twitter.com/ypizhck5AK
2017-08-14 08:10:28,Market Recon: Monday. $AMZN $AAPL $FB $INTC $GOOGL $TSLA $JD $SYY $SPX $RUT  https://www.thestreet.com/story/14269662/1/tesla-apple-facebook-and-other-tech-titans-on-top-10-shorts-list-market-recon.htmlÂ â€¦ via @TheStreet
2017-08-14 08:10:04,Grief Xwww Googl  http://www.worldwidesuicide.com/?p=25718Â 
2017-08-14 08:08:15,#FAANG #Tech companies = half of the 20 most shorted names in the US stock market  https://www.ft.com/content/55a0b316-7edd-11e7-9108-edda0bcbc928?stream=top-storiesÂ â€¦ $FB $AAPL $AMZN $NFLX $GOOGL
2017-08-14 08:07:52,Ich freue mich auf die Googl-Home-KompatibilitÃ¤t
2017-08-14 08:03:25,"A Geezer$ Alert :  GOOG,GOOGL: Google announces updates to Cloud Speech API  https://goo.gl/fb/QyKPsfÂ "
2017-08-14 08:00:44,Don't miss our next FREE OPTION TRADE.  Sign up for our Daily Free Trades at  http://ow.ly/92xE30enipKÂ  $NVDA $TSLA $GS $GILD $WMT $GOOGL $FB
2017-08-14 07:58:37,Ø§Ù„Ø°ÙƒØ± Ø¹Ù†Ø¯ Ø§Ù„Ø®Ø±ÙˆØ¬ Ù…Ù† Ø§Ù„Ù…Ù†Ø²Ù„:Ø¨Ø³Ù… Ø§Ù„Ù„Ù‡ ØªÙˆÙƒÙŽÙ‘Ù„Ù’ØªÙ Ø¹Ù„Ù‰ Ø§Ù„Ù„Ù‡ â™»ï¸  http://du3a.org/Â 
2017-08-14 07:55:19,New Alphabet Inc (GOOGL) Waymo Patent Aims To Make Car Crashes Safer -  http://StockNews.comÂ  (blog)  http://bit.ly/2vwVXSWÂ 
2017-08-14 07:54:13,Ø£ÙŠØ¶Ø§Ù‹ ÙÙŠ Ø¨Ø±Ù†Ø§Ù…Ø¬ Ø§Ù„ØªÙŠÙ„Ù‚Ø±Ø§Ù…  Ù…Ù† Ø¨Ø±Ù…Ø¬ÙŠØ© Ø§Ù„Ø¨ÙˆØª ÙŠÙ…ÙƒÙ† Ø¥Ø®ØªØµØ§Ø± Ø§Ù„Ø±Ø§Ø¨Ø· Ù…Ù† Ù‡Ù†Ø§â¬…ï¸ @shorturl_googl_bot
2017-08-14 07:50:45,Yandex N.V. $YNDX vs. Alphabet $GOOGL Head to Head Contrast  http://ift.tt/2w2TUY4Â 
2017-08-14 07:47:42,Yandex N.V. $YNDX vs. Alphabet $GOOGL Head to Head Contrast  http://ift.tt/2w2TUY4Â 
2017-08-14 07:47:15,"Android O pourrait sortir le 21 aoÃ»t:  La prochaine version dâ€™Android, le systÃ¨me d'exploitation mobile de Googlâ€¦  http://ift.tt/2wWSkTXÂ "
2017-08-14 07:43:24,Google announces updates to Cloud Speech API #premarket #GOOG #AlphabetInc. $GOOG $GOOGL  http://wlst.comÂ  https://seekingalpha.com/news/3288904-google-announces-updates-cloud-speech-apiÂ â€¦
2017-08-14 07:43:23,Google announces updates to Cloud Speech API  https://seekingalpha.com/news/3288904-google-announces-updates-cloud-speech-api?source=feed_fÂ â€¦ #premarket $GOOG $GOOGL
2017-08-14 07:40:50,$GOOGL Google's Waymo has a new patent on a collapsible car body that could reduce impact in crashes with pedestrâ€¦  https://stocknews.com/news/googl-new-alphabet-inc-googl-waymo-patent-aims-to-make-car/Â â€¦
2017-08-14 07:14:29,How To Break The SEC  https://seekingalpha.com/article/4098573-break-sec?source=feed_fÂ â€¦ $AAPL #APPLE $AMZN $CBOE $CME $CSCO $FB $ICE $NDAQ $S $TMUS $GOOGL $MSFT $VZ
2017-08-14 07:14:04,"Tesla, Apple, Facebook & Other Tech Titans on Top 10 Shorts List: $TSLA $GOOGL $AAPL $NFLX $AMZN $INTC $FB  http://bit.ly/2vwFKNiÂ "
2017-08-14 07:12:25,How To Break The SEC  https://seekingalpha.com/article/4098573-break-sec?source=feed_fÂ â€¦ $AAPL #APPLE $AMZN $CBOE $CME $CSCO $FB $ICE $NDAQ $S $TMUS $GOOGL $MSFT $VZ
2017-08-14 07:09:43,"Tesla, Apple, Facebook, Techs on Top 10 Shorts List: Market Recon $TSLA $AMZN $FB $NFLX $GOOGL $INTC  https://www.thestreet.com/story/14269662/1/tesla-apple-facebook-and-other-tech-titans-on-top-10-shorts-list-market-recon.htmlÂ â€¦ via @TheStreet"
2017-08-14 07:08:07,"New York Times columnist David Brooks wants Google's CEO to resign (GOOG, GOOGL)  https://buff.ly/2vvBaxnÂ "
2017-08-14 07:00:29,All You Need To Know About The Upcoming Dropbox IPO $BOX $GOOG $AAPL $GOOGL  https://amigobulls.com/articles/2017-08-14-all-you-need-to-know-about-upcoming-dropbox-ipoÂ â€¦ pic.twitter.com/m4enAFczYE
2017-08-14 06:42:34,Google Android & BlackBerry working together to be #GDPR compliant. $BBRY $GOOGL $AAPL $MSFT $AMZN $FB  http://ow.ly/eemE30bFgBMÂ  #GDPR
2017-08-14 06:28:00,Managing risk is what will lead to greater profitability - here are 3 ways. #trading $AAPL $FB $NFLX $GOOGL $AMZN http://bit.ly/2kVj41HÂ 
2017-08-14 06:24:52, http://fb.me/6T0fCR7LRÂ 
2017-08-14 06:23:53, http://fb.me/13H0rBkd5Â 
2017-08-14 06:23:06, http://fb.me/uLPUHvfMÂ 
2017-08-14 06:22:50, http://fb.me/3o8EOpZFlÂ 
2017-08-14 06:22:33, http://fb.me/KfXAzgbkÂ 
2017-08-14 06:18:27, http://fb.me/1dZuKGOVmÂ 
2017-08-14 06:18:16, http://fb.me/8ARuE5vOfÂ 
2017-08-14 06:18:11, http://fb.me/1bfGUdsQrÂ 
2017-08-14 06:17:37, http://fb.me/8Xe2m4bxHÂ 
2017-08-14 06:16:11, http://fb.me/vxitGmiCÂ 
2017-08-14 06:16:11,$GOOGL  - Do you like these recommendations from Pepe777  https://www.stockhoot.com/ExtAnalyst.aspx?id=f0308c54-83b8-4a55-9234-431ebd4c3263&srid=051ae6b9-d0ad-46ac-ac1a-6d34c9a3b870&from=StockTwitsÂ â€¦
2017-08-14 06:13:20,GOOGL shares move in a correction phase... $GOOGL  http://uk.tradingview.com/chart/GOOGL/UvRA5aBV-GOOGL-shares-move-in-a-correction-phase/Â â€¦ TV_TradingIdeas
2017-08-14 06:08:22,"ã€Šå®šæœŸã€‹  â˜† Googl_SNSã•ã‚“â˜† ãƒ‘ã‚ºãƒ‰ãƒ©ãƒ»ãƒ¢ãƒ³ã‚¹ãƒˆåž¢è²©å£²ã®æ–¹ã§ã™(^^)/ â˜…ãƒ‘ã‚ºãƒ‰ãƒ©â˜… ãƒ»å¼·åž¢ ãƒ»é­”æ³•çŸ³å¤šé‡åž¢ ãƒ»ãƒãƒ¼ãƒˆãƒ¯ãƒ³ãƒ‘ãƒ³ â˜…ãƒ¢ãƒ³ã‚¹ãƒˆâ˜… ãƒ»ã‚ªãƒ¼ãƒ–å¤šé‡åž¢  ãã®ä»–ã«,,, ã€Œãƒ‡ãƒ¼ã‚¿ã¯å£²ã‚ŠãŸã„ã‘ã©ã€ è©æ¬ºã«ã¯é­ã„ãŸããªã„ã€ ã¨ã„ã†ã‹"
2017-08-14 06:08:08,GOOGL shares move in a correction phase... $GOOGL  http://uk.tradingview.com/chart/GOOGL/UvRA5aBV-GOOGL-shares-move-in-a-correction-phase/Â â€¦
2017-08-14 06:05:22,"#Twitter #Googl #USA #NZ - - We pay to launch YOUR business using magic, changing Splash Pages:  http://bit.ly/2tdX8XqÂ  pic.twitter.com/irpao5ygyc"
2017-08-14 06:05:02,The Top 10 Holdings In Market's Top Large-Cap Fund   https://buff.ly/2w1RauiÂ  $AAPL $MSFT $AMZN $JNJ $FB $XOM $BRK.B $JPM $GOOGL $GOOG pic.twitter.com/ioKfgmoc7D
2017-08-14 06:01:34,ÙˆØªÙˆÙƒÙ„ Ø¹Ù„Ù‰ Ø§Ù„Ø¹Ø²ÙŠØ² Ø§Ù„Ø±Ø­ÙŠÙ… ï´¿Ù¢Ù¡Ù§ï´¾Ø§Ù„Ø°ÙŠ ÙŠØ±Ø§Ùƒ Ø­ÙŠÙ† ØªÙ‚ÙˆÙ… ï´¿Ù¢Ù¡Ù¨ï´¾ÙˆØªÙ‚Ù„Ø¨Ùƒ ÙÙŠ Ø§Ù„Ø³Ø§Ø¬Ø¯ÙŠÙ† ï´¿Ù¢Ù¡Ù©ï´¾ -- Ø³ÙˆØ±Ø©Â Ø§Ù„Ø´Ø¹Ø±Ø§Ø¡Â #Quran
2017-08-14 05:57:02,Whatâ€™s your favorite television shows on Googl.
2017-08-14 05:43:32,"Tempest in a teapot: How a 15-year-old rallied programmers to save one of the web's oldest jokes (GOOG, GOOGL, MSFT)  https://www.mhb.io/e/44v0o/5jÂ "
2017-08-14 05:41:07,Mark your #Calendar @Google to reveal #Android Oâ€™s name on August 21  http://www.techshout.com/software/2017/14/google-reveal-android-os-name-august-21/Â â€¦ $GOOGL $AAPL #iOS
2017-08-14 05:39:15,Ø£Ø³ØªØºÙØ± Ø§Ù„Ù„Ù‡ Ø§Ù„Ø¹Ø¸ÙŠÙ… ÙˆØ£ØªÙˆØ¨ Ø¥Ù„ÙŠÙ‡ â™»ï¸  http://du3a.org/Â 
2017-08-14 05:28:45,"The faster your website loads, the better  ank your site will have on Googl. and other major search engines. (HubSpot)"
2017-08-14 05:25:25,"Google shuffled 4/5 of its profits through subsidiaries in tax havens, cutting its global tax by 50% $GOOGL   Wish I had their Accountant.  pic.twitter.com/qRyihnGOFs"
2017-08-14 05:23:00,Ø­Ø³Ø¨ÙŠ Ø§Ù„Ù„Ù‡ Ù„Ø§ Ø¥Ù„Ù‡ Ø¥Ù„Ø§ Ù‡Ùˆ Ø¹Ù„ÙŠÙ‡ ØªÙˆÙƒÙ„Øª ÙˆÙ‡Ùˆ Ø±Ø¨ Ø§Ù„Ø¹Ø±Ø´ Ø§Ù„Ø¹Ø¸ÙŠÙ… â™»ï¸  http://du3a.org/Â 
2017-08-14 05:06:20,Ø§Ù„Ø´ÙŠØ·Ø§Ù† ÙŠØ¹Ø¯ÙƒÙ… Ø§Ù„ÙÙ‚Ø±â€Œ ÙˆÙŠØ£Ù…Ø±â€ŒÙƒÙ… Ø¨Ø§Ù„ÙØ­Ø´Ø§Ø¡ Û– ÙˆØ§Ù„Ù„Ù€Ù‡ ÙŠØ¹Ø¯ÙƒÙ… Ù…ØºÙØ±â€ŒØ© Ù…Ù†Ù‡ ÙˆÙØ¶Ù„Ø§ Û— ÙˆØ§Ù„Ù„Ù€Ù‡ ÙˆØ§Ø³Ø¹ Ø¹Ù„ÙŠÙ… ï´¿Ù¢Ù¦Ù¨ï´¾ -- Ø§Ù„Ø¨Ù‚Ø±Ø© #Quran
2017-08-14 05:05:58,"A look at methods you may not have considered or even know about, from traditional hotel (and now rental) booking sites to the latest Googlâ€¦"
2017-08-14 04:35:22,Ø±Ø¨ÙÙ‘ Ø£Ø³Ø£Ù„Ùƒ Ø®ÙŠØ± Ù…Ø§ ÙÙŠ Ù‡Ø°Ø§ Ø§Ù„ÙŠÙˆÙ… ÙˆØ®ÙŠØ± Ù…Ø§ Ø¨Ø¹Ø¯Ù‡ â™»ï¸  http://du3a.org/Â 
2017-08-14 03:53:45,$AAPL $AMZN $BABA $GOOGL and $TSLA keep eye on bottom support for entry  and get your update  http://www.outlawstocks.comÂ  pic.twitter.com/n4R7XxeSMZ
2017-08-14 03:38:42,Ø§Ù„Ù„Ù‡Ù… Ø§Ø±Ø­Ù…Ù†Ø§ ÙØ¥Ù†Ùƒ Ø¨Ù†Ø§ Ø±Ø§Ø­Ù… ÙˆÙ„Ø§ ØªØ¹Ø°Ø¨Ù†Ø§ ÙØ£Ù†Øª Ø¹Ù„ÙŠÙ†Ø§ Ù‚Ø§Ø¯Ø± â™»ï¸  http://du3a.org/Â 
2017-08-14 03:05:43,"#Twitter #Googl #USA #NZ - - We pay to launch YOUR business using magic, changing Splash Pages:  http://bit.ly/2tdX8XqÂ  pic.twitter.com/dNAprnCROV"
2017-08-14 03:04:18, http://bit.ly/2fry3BjÂ   This newsletter provides resources needed to get started with penny stocks  $YMC $CM $NKE $GOOGL
2017-08-14 02:46:10,Ø³Ø¨Ø­Ø§Ù† Ø§Ù„Ù„Ù‡ ÙˆØ¨Ø­Ù…Ø¯Ù‡ Ø¹Ø¯Ø¯ Ø®Ù„Ù‚Ù‡ ÙˆØ±Ø¶Ø§ Ù†ÙØ³Ù‡ ÙˆØ²Ù†Ø© Ø¹Ø±Ø´Ù‡ ÙˆÙ…Ø¯Ø§Ø¯ ÙƒÙ„Ù…Ø§ØªÙ‡ â™»ï¸  http://du3a.org/Â 
2017-08-14 02:07:16,"$GOOGL sitting at low end of range, we'll see if it can bounce. I'm long.  pic.twitter.com/lW7T8cj47U"
2017-08-14 01:56:45,"Short sellers target high-flying US technology stocks; investors ramps up bets vs. GOOGL, APPL, FB, NFLX, chart @FT  https://goo.gl/57eCi6Â  pic.twitter.com/WPCJ5NnS9S"
2017-08-14 01:26:17,Ø§Ù„Ù„Ù‡Ù… Ø¥Ù†ÙŠ Ø£Ø¹ÙˆØ° Ø¨Ùƒ Ù…Ù† Ø§Ù„Ù‡Ù… ÙˆØ§Ù„Ø­Ø²Ù† ÙˆØ§Ù„Ø¹Ø¬Ø² ÙˆØ§Ù„ÙƒØ³Ù„ ÙˆØ§Ù„Ø¨Ø®Ù„ ÙˆØ§Ù„Ø¬Ø¨Ù† ÙˆØºÙ„Ø¨Ø© Ø§Ù„Ø¯ÙŠÙ† ÙˆÙ‚Ù‡Ø± Ø§Ù„Ø±Ø¬Ø§Ù„ â™»ï¸  http://du3a.org/Â 
2017-08-14 01:15:42,Alphabet Inc. $GOOGL Stake Lowered by Sterling Investment Management Inc.  http://ift.tt/2v1SrjHÂ 
2017-08-14 01:15:41,Mitsubishi UFJ Kokusai Asset Management Co. Ltd. Boosts Stake in Alphabet Inc. $GOOGL  http://ift.tt/2u1yR2HÂ 
2017-08-14 01:03:08,Baidu COO (former MSFT-ie) on Amazon's position in AI. $AMZN $GOOGL $MSFT $BIDU pic.twitter.com/1NEx6OtYZd
2017-08-14 00:42:00,YouTube Soon Worth $100 Billion  https://buff.ly/2uEbYDCÂ  $GOOG $GOOGL
2017-08-14 00:41:12,Things i googl when drunk  pic.twitter.com/9WYYjG47KI
2017-08-14 00:30:08,ACTIVE TRADERS Try one of these FREE trading guides:   http://ow.ly/9dBr30eniqtÂ  $NFLX $TSLA $AAPL $GILD $GS $FB $AMZN $GOOGL $NVDA
2017-08-14 00:23:18,Ø§Ù„Ù„Ù‡Ù… Ø£Ø¹Ù†ÙŠ Ø¹Ù„Ù‰ Ø°ÙƒØ±Ùƒ ÙˆØ´ÙƒØ±Ùƒ ÙˆØ­Ø³Ù† Ø¹Ø¨Ø§Ø¯ØªÙƒ  â™»ï¸  http://du3a.org/Â 
2017-08-14 00:00:14,Don't miss our next FREE OPTION TRADE.  Sign up for our Daily Free Trades at  http://ow.ly/i95y30eniqrÂ  $NVDA $TSLA $GS $PCLN $BAC $GOOGL $FB
